{"feature_scaler_mean": [230.0451828799736, 234.41409794697316, 225.61302635560628, 229.83321275846112, 49610301.96783088, 229.3800571827068, 0.001694568975510903, 0.0028056363123878745, 0.0412816729170599, 0.006633659519990778, 0.013601498188451756, 0.025980043206566165, 0.030444139677949792, 0.031645390863345446, 52.807043699267645, 9.397302210509517, 2.6202505915486114, 2.6126646305452668, 0.007585944725420941, 48967303.79316449, 48951691.16384123, 1.0097823887819948, 228.8823824136605, 227.93306562168146, 226.1427872814644, 220.39555300294964, 203.77396803276213, 0.39842592438412544, 0.3857569079460629, 0.3736661761703305, 0.37575779371033957, 0.16488530514724395, 0.45431644880174293, 0.30470452069716775, 52.990879291266786, 52.83416801145653, 52.72032256674403, 0.156711370595183, 0.11384547442275918, 0.015196348070749715, 0.44199346405228757, 0.04452877372583427, 0.4886263916826927, -6.220935490849047e-06, 0.0025651794253730366, 0.008309143678698469, -0.007267385235397791, 0.02498017142123917, -6.611929270974005e-05, -0.0009051767147459788, 0.2860169907152239, 0.24707244008714596, 0.2503404139433551, 0.2519063180827887, 0.2474128540305011, 0.0032679738562091504, 0.10481345315904139, 0.08415032679738563, 0.08006535947712418, 0.0784313725490196, 0.09500953159041395], "feature_scaler_scale": [124.5840654426978, 126.38691729343402, 122.70114209394559, 124.44998960710318, 41312384.909938365, 124.10049796277913, 0.0327557401340853, 0.015703129028007495, 0.023647104220556676, 0.08063434525065302, 0.12344972164575957, 0.1920022053446472, 0.01455415510819286, 0.011587830459615537, 13.98650633270403, 4.545774647238276, 10.846978244982084, 10.29827775918929, 2.9388128994705225, 32608792.19645988, 28453007.276478123, 0.3174390113604051, 123.49931383746859, 122.51488094352516, 120.53141965933983, 113.51754491953106, 77.79748096627439, 3.6071339884729126, 2.7410126546371463, 2.0580892834590925, 1.355088980326036, 0.6602288773507742, 0.49790863936052315, 0.9345330654887258, 25.70410240892995, 17.167019555857163, 12.054049450562315, 14.618730417541318, 8.872714423115601, 0.6675613704086804, 0.49662384335367316, 0.014900704364834197, 0.30548430224083434, 0.0003587962710882727, 0.0011007768487617691, 0.005206008664791761, 0.004062327788741706, 0.014663801210735584, 0.010372400983480402, 0.0127559604972618, 0.07540089701038358, 0.4313092271637892, 0.43320906164352363, 0.4341077343158057, 0.43150867162905177, 0.05707270979273656, 0.306312900798989, 0.27761312882739736, 0.2713943582480967, 0.2688492000157237, 0.29322810318480796]}