{"feature_scaler_mean": [209.27079059915908, 213.4575346505044, 205.13945483486208, 209.1032617073847, 51768509.130530976, 208.61111010154792, 0.0018217955090967788, 0.002887745999064826, 0.04215395178094336, 0.007440122424130868, 0.015435989663244574, 0.029486211453344513, 0.030892796021512542, 0.03213142450173608, 53.003160228138476, 8.770646919068334, 2.8156128389497286, 2.718459182680972, 0.0971536396592034, 51042992.6945059, 50979214.28853245, 1.0115419494861786, 208.0392128193273, 206.94789393433427, 204.8439938474897, 198.84251549644807, 189.20636129688725, 0.4537599541113649, 0.450035949893554, 0.4357076920613758, 0.37380637691310226, 0.10925940167063375, 0.4541297935103245, 0.3213126843657817, 53.046846380293545, 53.034611619749604, 52.825033254961, 0.012234871258964669, 0.2095783939098824, 0.008876373597936207, 0.39557522123893807, 0.04526578947306943, 0.4919985248352838, -4.358229180164239e-06, 0.002618654056320518, 0.008529582795234409, -0.007392986458372517, 0.025502965665816613, 5.32961306854575e-05, -0.0008885459377861453, 0.2846343080153288, 0.24605457227138644, 0.2513274336283186, 0.25217551622418877, 0.24690265486725663, 0.0035398230088495575, 0.09214601769911504, 0.07787610619469026, 0.08672566371681416, 0.08495575221238938, 0.08539823008849558], "feature_scaler_scale": [105.4179117630702, 107.26657784916273, 103.75813509180438, 105.36084051951151, 42140222.05030526, 104.77882307916607, 0.03327281459001418, 0.015870572872461672, 0.023864512405458234, 0.08286829358856265, 0.12692051757632888, 0.19804471926453784, 0.014811655060099984, 0.011744887416893751, 14.360647434374846, 4.0974031814709395, 10.90135262580568, 10.32473128533837, 2.868339594004758, 33009901.1943462, 28627140.57618429, 0.32283784630592255, 103.88266326999945, 102.29335765189197, 98.93915663018059, 88.76279823667957, 61.277890034368916, 3.5520224702610146, 2.7057872151501274, 2.0604991922146327, 1.341803814342886, 0.6541905979772612, 0.49789147829278035, 0.9281742408634354, 26.118060143463676, 17.56654112976218, 12.3926541926489, 14.774178500398856, 9.020888213496324, 0.6471408014050342, 0.4889738904897359, 0.01515065710437393, 0.3089837084202862, 0.0003645826624349709, 0.0011120652585989413, 0.0052910520384523325, 0.0040971340815173524, 0.014963179713261459, 0.010599714173691974, 0.01290072565812133, 0.07529214672097052, 0.43071071467485583, 0.433776387939735, 0.4342614710531533, 0.43120961710837735, 0.059391014993152, 0.2892319642109898, 0.2679765256111486, 0.2814326259865994, 0.2788158395400829, 0.27947338403903155]}