{"feature_scaler_mean": [2643.2143572181917, 2670.6339355626656, 2614.203105028938, 2641.6797075874147, 3240607.4121732027, 2639.6260277741876, 0.0007848289655423231, 0.0013406665279345944, 0.02227191048499789, 0.004485332009036447, 0.008410567988453702, 0.01713387841801489, 0.015094961570343764, 0.015493434434128907, 54.10803548352131, 59.85474433319761, 16.00002261826034, 15.984716777889107, 0.015305928363462744, 3228907.5509089055, 3226459.022029037, 1.0040169694848473, 2636.190552036227, 2630.633079848778, 2619.5654812856437, 2584.8062945804304, 2424.8029906578313, 2.4397464113092875, 2.295280500247411, 2.3103475727116556, 2.2762360780042457, 2.1565776463757294, 0.476000816993464, 0.28165849673202614, 53.862083369553545, 54.0902106776866, 54.022974486054935, -0.22812739544606936, 0.06723629988573719, 0.05281733244461335, 0.8741830065359477, 0.023549434017937344, 0.46868786151056263, 1.5785790916989675e-07, 0.0014280807643163491, 0.0042910533239098655, -0.004198033579062991, 0.014884276016526435, -0.000371315585172806, -0.00029247687450977987, 0.26397647719839407, 0.24707244008714596, 0.2503404139433551, 0.2519063180827887, 0.2474128540305011, 0.0032679738562091504, 0.10481345315904139, 0.08415032679738563, 0.08006535947712418, 0.0784313725490196, 0.09500953159041395], "feature_scaler_scale": [658.092490737714, 660.5964285137763, 655.3898107646581, 657.447123291184, 1791548.2904937258, 656.7838282298522, 0.015921154080833593, 0.00788153688900489, 0.013209471837980085, 0.034688106985566736, 0.04878109121971736, 0.0675058243124194, 0.007572438761506343, 0.006662677833998063, 11.044058783190824, 15.53216190125725, 42.206499382964644, 38.98714439174402, 14.14939815985359, 1326853.698657561, 996382.7066800524, 0.2543563216790054, 654.9312571708733, 651.9720584952549, 646.4411852684804, 628.9201043856287, 522.7204052171269, 17.512692410383583, 12.427895071944459, 8.829307456675597, 4.720613402118223, 2.163243310779782, 0.49942370710142275, 0.9501024339561619, 25.07964540225837, 15.105780582557422, 8.71967185320407, 14.29228983586056, 8.551476434025703, 3.466715093255236, 0.331642997242051, 0.008191466371010665, 0.26958572833450456, 0.0001717683048046098, 0.0006616388359574511, 0.002316735983721093, 0.002347632186676522, 0.008086073742259885, 0.005653452624642901, 0.006447901615900099, 0.0740129149783591, 0.4313092271637892, 0.43320906164352363, 0.4341077343158057, 0.43150867162905177, 0.05707270979273656, 0.306312900798989, 0.27761312882739736, 0.2713943582480967, 0.2688492000157237, 0.29322810318480796]}