{"feature_scaler_mean": [2553.7522123218637, 2580.861801332007, 2525.2543014751423, 2552.1830687216247, 3287991.5862094397, 2550.218911248041, 0.0007766690736383771, 0.0013557568107628688, 0.022640572204283758, 0.0046348733043565776, 0.008652292976830588, 0.017692482182222066, 0.015243712049111542, 0.01567584746136058, 54.149832346446395, 58.72458798329739, 16.22498335098095, 16.275246644666787, -0.05026320282666557, 3267974.5339233037, 3269517.7191463863, 1.0022539714686463, 2546.581288354024, 2541.1075617202264, 2529.9486035687382, 2494.560875218034, 2337.798142127653, 2.477883869442391, 2.3197298987774086, 2.3448581445687466, 2.3346540953560146, 2.091103564994547, 0.4792772861356932, 0.29174041297935105, 53.74248566367282, 54.06797550160625, 54.099948520997984, -0.3254899340569094, -0.0319728888983352, 0.06257084606694069, 0.863716814159292, 0.02386214340347412, 0.4654418053616465, 1.657791226246346e-06, 0.0014500248786741092, 0.004353163150523942, -0.004253745138836451, 0.01505550323418207, -0.0003760041311885546, -0.00027250985311447115, 0.2629258121561622, 0.24605457227138644, 0.2513274336283186, 0.25217551622418877, 0.24690265486725663, 0.0035398230088495575, 0.09214601769911504, 0.07787610619469026, 0.08672566371681416, 0.08495575221238938, 0.08539823008849558], "feature_scaler_scale": [602.7544100520389, 605.2208689020206, 600.7023924364061, 602.0283577637284, 1825478.7575583893, 601.3381126291464, 0.01607437476163578, 0.007927896214328507, 0.013566860103105795, 0.03497842279719853, 0.04960322782994624, 0.06880124643835153, 0.007760441085217533, 0.006835503044145973, 11.09946155235728, 15.45465300224486, 42.12992948231491, 38.91637766068472, 13.959680077661595, 1351179.6049045934, 1013496.5683617977, 0.25315247159978205, 598.9365520027409, 595.689447815413, 589.0787479791715, 567.3978954003015, 443.7516742845193, 16.98949259124525, 12.302643809972727, 8.808515318067105, 4.678292523074193, 2.227387376631017, 0.4995703845607518, 0.9462655572756964, 25.115683576410756, 15.165460709000598, 8.789160870305373, 14.302750121842873, 8.566760737365188, 3.3355012990374, 0.3430890250324487, 0.008420063696106593, 0.2727584001540895, 0.00017395940283265404, 0.0006784742684217466, 0.002370816005105127, 0.002402394802584315, 0.00821023829399422, 0.005805113324804915, 0.006578713510501948, 0.07347042521386979, 0.43071071467485583, 0.433776387939735, 0.4342614710531533, 0.43120961710837735, 0.059391014993152, 0.2892319642109898, 0.2679765256111486, 0.2814326259865994, 0.2788158395400829, 0.27947338403903155]}