{"feature_scaler_mean": [896.1148408960413, 906.7488795178648, 885.323887766836, 895.8709951537886, 22887861.592184097, 894.0057601804048, 0.0022249350552443338, 0.002459583666371508, 0.024626600731839882, 0.0053397450648476645, 0.010668630740893607, 0.02137514774347354, 0.018146134408913432, 0.018634102641066387, 53.78190463054154, 23.064301511463515, 6.07877026002779, 6.050120696727762, 0.028649547436379336, 22878270.503710512, 22949028.449516613, 0.9999856538137255, 893.370979271683, 891.2434690720635, 886.9752610399833, 873.9509408593437, 810.5184073957223, 0.9468252992476928, 0.9236548929901344, 0.9082157735104817, 0.8734093698307916, 0.8251231975541734, 0.4375340413943355, 0.38623366013071897, 54.14263158415755, 53.86821241647589, 53.701692581436475, 0.27441928903460666, 0.16651988852046803, 0.062760548003199, 0.9101307189542484, 0.026414605101490848, 0.4583364414152119, -1.4535960131354696e-05, 0.0016025639425668067, 0.004934813621603613, -0.004819710336361866, 0.014811626091586276, -0.0005014267451944508, -0.0007951780398771047, 0.250905405260797, 0.24707244008714596, 0.2503404139433551, 0.2519063180827887, 0.2474128540305011, 0.0032679738562091504, 0.10481345315904139, 0.08415032679738563, 0.08006535947712418, 0.0784313725490196, 0.09500953159041395], "feature_scaler_scale": [234.65438966563121, 236.31288779352352, 232.6550148180282, 234.4748693763456, 17010631.062010165, 234.33994213963066, 0.019322298187973833, 0.009126343414953378, 0.015984359507991666, 0.04441821741861263, 0.06668934640147076, 0.09764046096940329, 0.010417325286431885, 0.009455572853280188, 12.192945922493067, 7.482770982471018, 19.800073470698308, 18.63164178878022, 5.73954218975384, 13832307.185065372, 11885888.12342515, 0.26786206469633367, 233.58251212434843, 232.69429623222538, 231.4965760333636, 228.04335454110358, 201.83065958881943, 7.378251929575967, 5.320780585940146, 3.872881349244418, 2.443162888599739, 0.6799118453615615, 0.49608265845063654, 0.9143947054904622, 25.22086440211707, 15.824073952795208, 9.979287624221232, 14.202123524063378, 8.384468505481198, 1.4360102783086806, 0.2859943939486794, 0.009710693774044824, 0.2891791973821618, 0.00021365015618584555, 0.00076702493060571, 0.0032238467932862386, 0.0030406475663395487, 0.008590179862307458, 0.007117478404499108, 0.008125652542888634, 0.07353385547020065, 0.4313092271637892, 0.43320906164352363, 0.4341077343158057, 0.43150867162905177, 0.05707270979273656, 0.306312900798989, 0.27761312882739736, 0.2713943582480967, 0.2688492000157237, 0.29322810318480796]}