{"feature_scaler_mean": [113.59407610311487, 115.16348159936518, 111.93801284745368, 113.44213581292978, 18986414.180964053, 113.37034800343524, 0.0006863501676594189, 0.002071965085875304, 0.02906494482182228, 0.0009588530246118251, 0.0014665541164698432, 0.0034465392311259623, 0.017657058048859687, 0.018077334383130278, 50.57602639058057, 3.331402171808975, 0.0893270103044736, 0.07156511436762848, 0.017761902873836635, 18804461.032152098, 18670499.396582246, 1.0099717213271069, 113.33949718911663, 113.2916923543207, 113.21638363846506, 113.07184854571855, 113.52429744075326, 0.024037105753264024, 0.01850078275589798, 0.019955337126391852, 0.00879882889908073, -0.009833156176143719, 0.4181985294117647, 0.36924700435729846, 50.214409998019505, 50.54835274848024, 50.52473012223223, -0.3339427384435786, 0.02362252062583273, 0.0038664718533476853, 0.45669934640522875, 0.030088552984285772, 0.4862744275196826, -2.1386129446011908e-05, 0.0018897934674413054, 0.0057006160799522474, -0.0056324954542091975, 0.018001527591380326, -0.00014439569156242063, -0.0008014154202994201, 0.21173461838683705, 0.24707244008714596, 0.2503404139433551, 0.2519063180827887, 0.2474128540305011, 0.0032679738562091504, 0.10481345315904139, 0.08415032679738563, 0.08006535947712418, 0.0784313725490196, 0.09500953159041395], "feature_scaler_scale": [16.843035438532887, 16.881723484747145, 16.83427354044858, 16.80552704980343, 16827878.16428484, 16.83863939005481, 0.01875296819352374, 0.008570332525548403, 0.01790550547113441, 0.04383919105243631, 0.06375829045922106, 0.08846237527707565, 0.0071849671521849795, 0.00593688723120547, 11.704593809931591, 0.8063714651071026, 2.2855328427589665, 2.092491102246967, 0.7851781882538985, 11795179.01239467, 9520232.168409528, 0.33197803425262823, 16.640782674452925, 16.461282553956746, 16.162679236006834, 15.48690592929274, 13.679549350353222, 0.9477001060631288, 0.6868495362025497, 0.48370250049741687, 0.25256189791765526, 0.12183309228059243, 0.4932631340465973, 0.8790518104770388, 25.09298202635472, 15.839433987127677, 9.243236924732749, 14.041671475547457, 8.717962611415322, 0.18134646194993861, 0.498121524729027, 0.0098043329048397, 0.302378623470454, 0.00022777566434363286, 0.0009182456019069167, 0.003692659730689436, 0.003992052128474086, 0.011630726794090277, 0.007346191475481308, 0.007812767259431742, 0.08697695627704462, 0.4313092271637892, 0.43320906164352363, 0.4341077343158057, 0.43150867162905177, 0.05707270979273656, 0.306312900798989, 0.27761312882739736, 0.2713943582480967, 0.2688492000157237, 0.29322810318480796]}