{"feature_scaler_mean": [111.9774310261099, 113.53432101134354, 110.3176370074967, 111.80789202321596, 19479649.2960177, 111.75160188899983, 0.0005814500782596034, 0.002118356697650286, 0.02940139443761941, 0.0006083625829402151, 0.000893126621199868, 0.0030005432993131017, 0.0177190960683842, 0.018140771125332016, 50.43440686439694, 3.312787740816057, 0.07880299933973987, 0.07278256252954733, 0.006020444590247382, 19288616.03436578, 19167975.66050885, 1.0095128803038667, 111.72894658339058, 111.70688087975381, 111.6558210190067, 111.47495759046886, 112.74157487396646, 0.01408311292154102, 0.010472861000757039, 0.016615707337771127, 0.009346696082056172, -0.02182678082031263, 0.41216814159292037, 0.37990412979351035, 49.833714938458264, 50.30863409991813, 50.426175791042745, -0.4749191394474105, -0.11754181800866198, 0.0029981900205151286, 0.41150442477876104, 0.030363360661903403, 0.4892143079986285, -2.117707449183815e-05, 0.0019123703190051693, 0.005773154359687241, -0.005707374523025676, 0.01805830713724484, -0.00016804644867165184, -0.0008202991087369987, 0.21040055509148423, 0.24605457227138644, 0.2513274336283186, 0.25217551622418877, 0.24690265486725663, 0.0035398230088495575, 0.09214601769911504, 0.07787610619469026, 0.08672566371681416, 0.08495575221238938, 0.08539823008849558], "feature_scaler_scale": [16.421807426613775, 16.44722472187576, 16.411075974360152, 16.360605192203195, 17281890.611384664, 16.41730059266435, 0.018825201722678583, 0.008494622197242185, 0.01837778353226643, 0.044574776197133834, 0.06497400174150661, 0.09003241475287456, 0.007306703182661932, 0.006135703719515408, 11.77848647159814, 0.8304245811953258, 2.305252948793092, 2.1146441847606408, 0.7859113308813558, 12068523.746447338, 9733434.59851513, 0.3339347728091255, 16.22302426153403, 16.07522558554793, 15.797700454378942, 15.034267451449416, 13.920920870541934, 0.950461033657123, 0.6915032734440145, 0.48648725071484294, 0.25424286069006435, 0.11862392912793811, 0.4922251158248235, 0.8735469973567439, 25.271778406662293, 15.908650069919497, 9.354217792861542, 14.117018198448777, 8.739927396635332, 0.1819434023024898, 0.4921062214262221, 0.010117631900347673, 0.3097329316848505, 0.00023104851375078627, 0.0009417443821462082, 0.003791695673865779, 0.004113431833125115, 0.011882973001376265, 0.007501104382878652, 0.00788918887067928, 0.08704594902121361, 0.43071071467485583, 0.433776387939735, 0.4342614710531533, 0.43120961710837735, 0.059391014993152, 0.2892319642109898, 0.2679765256111486, 0.2814326259865994, 0.2788158395400829, 0.27947338403903155]}