{"feature_scaler_mean": [869.7500098394434, 880.1789216438226, 859.0994137226656, 869.3749686137062, 23724194.68178466, 867.545838446603, 0.0022527863513368816, 0.0025924844260637207, 0.024919434780959634, 0.005553414948921391, 0.011304799827431456, 0.02328946936241479, 0.018240402147667017, 0.01873431296385193, 54.098894025442526, 22.585480353719717, 6.784682274710904, 6.845189909312797, -0.060507650140111106, 23743078.766463865, 23808072.97245575, 1.0007732891557315, 866.9066827104507, 864.7134345220605, 860.0127917624504, 845.0414173385035, 782.9237136188158, 0.9668039058429906, 0.9684604414598604, 0.9915748907706101, 0.9911079371428553, 0.8107513714613321, 0.43204277286135695, 0.39660766961651917, 54.21517548946153, 54.09997337300517, 54.03832724354612, 0.11520221887436588, 0.06164619826703473, 0.049461996173527326, 0.9026548672566371, 0.02663384955898367, 0.44853385419812836, -1.5018804628914931e-05, 0.0016189946029194463, 0.005007099931594156, -0.004876801860286953, 0.014964739500564195, -0.00050493449427884, -0.0008552795977531819, 0.25164797537325495, 0.24605457227138644, 0.2513274336283186, 0.25217551622418877, 0.24690265486725663, 0.0035398230088495575, 0.09214601769911504, 0.07787610619469026, 0.08672566371681416, 0.08495575221238938, 0.08539823008849558], "feature_scaler_scale": [224.56013275260094, 226.1200020720146, 222.49071614591094, 224.13396119863157, 17383901.379566018, 224.04201743827696, 0.019521759118819294, 0.009169254448840551, 0.016392564579330606, 0.04532092128735518, 0.06810483191466447, 0.10029076664903523, 0.010726846447615953, 0.00976745041033909, 12.391584837992992, 7.540062494079413, 20.057822067873268, 18.89697026963105, 5.717017437272367, 14029249.26630514, 11969640.1272031, 0.272497217451607, 223.25476029777147, 222.22433141802617, 220.2750480143583, 213.0803549762377, 184.81859252172012, 7.3536720102388, 5.29704196058521, 3.913874153737537, 2.4729709295585787, 0.7024224586455375, 0.49536028835555745, 0.9092706708463834, 25.206683207046453, 15.992166501732209, 10.164710839738946, 14.044393045883915, 8.404853959342589, 1.4082158508750102, 0.2964271544149818, 0.010042405961019914, 0.2931469918964945, 0.00021430500152741353, 0.0007868696795174353, 0.0033086203970380226, 0.0030956134007379334, 0.008781415617569826, 0.007276297760635939, 0.008236088834543758, 0.07397249650718053, 0.43071071467485583, 0.433776387939735, 0.4342614710531533, 0.43120961710837735, 0.059391014993152, 0.2892319642109898, 0.2679765256111486, 0.2814326259865994, 0.2788158395400829, 0.27947338403903155]}