{
  "model_type": "SimplerLSTM",
  "input_size": 29,
  "output_size": 4,
  "lookback_days": 15,
  "features": [
    "OC_Ratio",
    "HL_Ratio",
    "Intraday_Range",
    "Open_to_Close",
    "Body_to_Range",
    "Upper_Shadow",
    "Lower_Shadow",
    "Trend_5",
    "Trend_10",
    "Trend_20",
    "SMA_5_Ratio",
    "SMA_10_Ratio",
    "SMA_20_Ratio",
    "EMA_5_Slope",
    "EMA_10_Slope",
    "Volume_Normalized",
    "Volume_Price_Trend",
    "RSI_14",
    "MACD_Histogram",
    "MACD_Strength",
    "BB_Position",
    "BB_Squeeze",
    "Volatility_Regime",
    "Momentum_3",
    "Momentum_5",
    "Momentum_10",
    "Momentum_5_Quality",
    "Resistance_Break",
    "Support_Break"
  ],
  "loss_type": "huber",
  "training_date": "2025-09-12T21:24:09.776400",
  "hidden_size": 32,
  "num_layers": 2,
  "dropout": 0.05,
  "test_mse": 7430.6845703125,
  "test_mae": 79.96305847167969,
  "test_rmse": 86.201416015625,
  "direction_accuracy": 0.4772727272727273,
  "ohlc_mae": [
    5.75071907043457,
    5.413763523101807,
    5.672660827636719,
    5.443528652191162
  ],
  "ohlc_correlations": [
    -0.12916899624055403,
    -0.013494795231502892,
    -0.057117751584566355,
    0.012656556853974342
  ],
  "avg_correlation": -0.04678124655066224
}