{
  "open": 1216.5155811016448,
  "high": 1233.190311248452,
  "low": 1216.5155811016448,
  "close": 1227.4670804725445,
  "direction_probs": {
    "bear": 0.11554211378097534,
    "bull": 0.8844578862190247
  }
}