{"feature_scaler_mean": [866.3198875494525, 876.7099380089493, 855.704142099209, 865.9473168347879, 23714246.438624337, 864.1267206020456, 0.0022521635123337953, 0.002584813427629711, 0.02491173441747673, 0.005554953412848547, 0.01124335252216379, 0.023233653065457268, 0.018217638690875452, 0.018710052112496836, 54.08909576960972, 22.50078480815551, 6.776717831760093, 6.850876634813701, -0.07415881890378978, 23729890.747949734, 23793132.548059966, 1.0008543496094053, 863.4937640074069, 861.3250121505172, 856.659351134931, 841.6132931018002, 779.8836799339011, 0.9601041419702587, 0.9587141155782674, 0.9872479950919636, 0.9937509911759417, 0.8085293559992367, 0.43174603174603177, 0.39638447971781304, 54.20914285931428, 54.08592068867288, 54.02811021216122, 0.12322227620113989, 0.057810548519489, 0.04946870995000517, 0.9029982363315696, 0.026627279594261363, 0.4498077122913427, -1.4876419859101316e-05, 0.001618289567358304, 0.005005495454880944, -0.004873973679029904, 0.014954605195659, -0.000503093024180068, -0.0008498458094284117, 0.2515829815094013, 0.24603174603174602, 0.25132275132275134, 0.25229276895943564, 0.24682539682539684, 0.003527336860670194, 0.09312169312169312, 0.07760141093474426, 0.08641975308641975, 0.08465608465608465, 0.08580246913580247], "feature_scaler_scale": [224.7614306731278, 226.35065108510753, 222.65500544945817, 224.31770914554173, 17361392.611043323, 224.22856074364427, 0.019503854028411947, 0.009163794145646092, 0.016373139428863995, 0.045299701920498925, 0.06804483202440614, 0.10015214511733898, 0.01071420374221251, 0.009756405723005693, 12.38101325272382, 7.557987147011151, 20.008356353346826, 18.846509929225792, 5.705397336067831, 14007012.433348136, 11948513.679204894, 0.272474548364373, 223.4726040869809, 222.47327992944466, 220.51548863917196, 212.86197999611585, 184.60100773088521, 7.339973591761862, 5.2868026684612985, 3.9056089946557146, 2.4656193392092334, 0.7015153913885166, 0.49531948863094966, 0.9093988829802376, 25.20533431121587, 15.986198475495678, 10.153507953195925, 14.042637351434632, 8.405506063159436, 1.4045625630964553, 0.2959601687958126, 0.010026610891902396, 0.2932484975628218, 0.0002141663015412514, 0.000785979862777666, 0.003304686492193365, 0.003093006824756569, 0.008775790229950701, 0.007270974729981778, 0.008236887103165344, 0.07378190731719544, 0.4306972555940782, 0.43377370366386797, 0.4343283639024779, 0.4311642613985965, 0.059286547844704274, 0.29060289639276804, 0.2675433272494474, 0.2809828809071365, 0.27836923678242326, 0.28007214325239127]}