{"feature_scaler_mean": [943.273903851327, 954.6000689602303, 932.113856968212, 943.1518413387229, 21889551.512729846, 941.3289819892765, 0.0020923360786506734, 0.002232044541685124, 0.024466178642093207, 0.004791451022124529, 0.009494499962402625, 0.01916180459230332, 0.018140753689077135, 0.01866702706414068, 53.45900159138433, 24.273445093007876, 5.570873802454544, 5.573892389828026, -0.003018602912967611, 21833859.34338755, 21915017.021074966, 0.9984811948477968, 940.7376784846672, 938.8232304315419, 935.0250806406499, 922.9300782501782, 862.6860759837624, 0.8551975253575562, 0.8278640088513283, 0.8244526002181317, 0.8162510072109664, 0.8048392644571601, 0.4472772277227723, 0.35445544554455444, 53.94100904242153, 53.58443137699003, 53.37408173074142, 0.3565777944919918, 0.21034971809665418, 0.06955151583286742, 0.8933521923620934, 0.026320513653933814, 0.4876984136184194, -1.40508654188133e-05, 0.001586262070588439, 0.004901685769519212, -0.004757136015116587, 0.014768876419685877, -0.0005501187350320623, -0.00080926502304287, 0.2523718379843648, 0.24632248939179632, 0.2492927864214993, 0.2526874115983027, 0.24886845827439888, 0.002828854314002829, 0.0934936350777935, 0.08486562942008487, 0.09476661951909476, 0.07630834512022631, 0.08426449787835927], "feature_scaler_scale": [255.52221229705194, 257.8732542256163, 253.3657986807136, 255.55910159367605, 16391355.430394381, 255.46735125268077, 0.01925210875239017, 0.00908490183293558, 0.015455314735859453, 0.04430824380150096, 0.06590646742661498, 0.09476545600722304, 0.009894716053371638, 0.008913196240068033, 11.9642950445378, 7.940513683507306, 19.723766704436553, 18.39350639994966, 6.153614816973886, 13277018.685239667, 11414962.475162702, 0.26541882470713213, 254.82562327105344, 254.28364063326538, 253.73594858381907, 251.83618277973724, 235.78126856537898, 7.974300772122083, 5.696627084846062, 3.977907456484304, 2.3808294415265085, 0.6758376794641447, 0.49721253934648446, 0.9262962287845223, 25.4008932730643, 15.723671126503426, 9.709717368672242, 14.382108484958437, 8.4311300009969, 1.5586501691102708, 0.30866495227665375, 0.00915769088829684, 0.2982853187187289, 0.00021001129980132625, 0.00073117600974363, 0.0031301236380889717, 0.002929304985960221, 0.008273559588005781, 0.006903427599729474, 0.007900866174444651, 0.07333060814766615, 0.4308685653555914, 0.43260362118182577, 0.43455319998603265, 0.4323574317049623, 0.05311169266060701, 0.29112295560083734, 0.2786816362145343, 0.29289231356256556, 0.2654908314522334, 0.27778407491364326]}