{"feature_scaler_mean": [1014.9951820950412, 1025.6852493302383, 1003.9995924473317, 1014.502507041793, 19460974.274653886, 1013.3312912149805, 0.0014222117691180922, 0.0018624943430730358, 0.022276431075617158, 0.0033700871100252106, 0.006693948402106207, 0.013739293099198658, 0.016494931644637088, 0.016977310443596558, 52.48961687098169, 23.55986524806363, 3.869208607505273, 3.880490679856037, -0.011282080297429746, 19411259.75760117, 19470233.82460064, 1.0001707572049607, 1012.8518292688079, 1011.5708580740217, 1008.9536604128707, 1000.4955629683913, 957.4969384905376, 0.5866052154404993, 0.5678815555228148, 0.5783767827467634, 0.5640574726336105, 0.5788035851208487, 0.45636315228966984, 0.3053514376996805, 52.86014599180577, 52.60893194738922, 52.39625035672904, 0.25121416612959707, 0.21268163033075735, 0.043448477603999835, 0.7834398296059638, 0.02410436927214963, 0.41842142617710815, -1.2659501665518346e-05, 0.0014446465368085086, 0.0044750626638325386, -0.004311073493182459, 0.01363657195633327, -0.0004686214938640537, -0.0007505528327257457, 0.25002075726061235, 0.2435303514376997, 0.2477635782747604, 0.2545527156549521, 0.2520234291799787, 0.002129925452609159, 0.08732694355697551, 0.07987220447284345, 0.08839190628328009, 0.08519701810436635, 0.08964323748668797], "feature_scaler_scale": [256.4188903218266, 257.6922629667185, 254.89393714732387, 256.14035616022676, 15099218.086477801, 256.69257831056996, 0.017768444954223566, 0.008776190848505413, 0.014296946992796811, 0.041072635289011374, 0.06072447273938378, 0.08678223054672993, 0.009332798454511534, 0.008492390759790303, 12.190973304503508, 7.298814521840846, 19.10246568472758, 17.79885841677504, 5.972638832569511, 12440672.880123042, 10876215.596424948, 0.2629958392427895, 256.1571561305511, 256.1784731754235, 256.60671015834214, 257.9435679158069, 263.3247906421738, 7.80662667470902, 5.556382266877598, 3.8382774152202095, 2.309866860821207, 0.751265505876039, 0.498092185766667, 0.9422759867317063, 25.684465727088337, 15.995079662570616, 9.856143063376415, 14.498193802877577, 8.527580836351815, 1.5163197134174424, 0.4119003071047233, 0.008981438832931761, 0.3093070914896994, 0.00019243785763572614, 0.0006958112178144124, 0.0029409689344872, 0.0027531884519848312, 0.007973950893993303, 0.00624863314965031, 0.007150201266679292, 0.07473726673148826, 0.42921244083347426, 0.4317137796680556, 0.4356094932479653, 0.43417464265464206, 0.046101939982797546, 0.28231356411977493, 0.27109525157323416, 0.2838640117854334, 0.27917465180516593, 0.28566996247341286]}