{"feature_scaler_mean": [2732.7769411553754, 2760.5084994778776, 2702.9833173134034, 2731.1196808033988, 3134618.3910183874, 2729.3196444758264, 0.0006835883991804983, 0.0012686002908754831, 0.021920838881408482, 0.003084621547302655, 0.005605011291174077, 0.01151381876962895, 0.015177999751423676, 0.015588800615566497, 52.930657867798544, 61.692212544000135, 9.920549692198781, 9.92204241912991, -0.0014926372883680686, 3124305.1806621286, 3124872.842154349, 1.0026308691105377, 2727.120717736316, 2723.6372474206387, 2717.010421295382, 2695.3960750380197, 2570.6937330577803, 1.5684816201993355, 1.420260783180837, 1.4379075383259012, 1.4280849031832654, 1.8108659855913387, 0.4826025459688826, 0.2661598302687412, 53.06755372811072, 52.98292957937195, 52.85500020751522, 0.08462402717311783, 0.12792947439785093, 0.08556516918528606, 0.8182461103253182, 0.02338537389196487, 0.5016176111490336, 6.238406447701908e-07, 0.001397947619615707, 0.004195264255563937, -0.004110296236533412, 0.014729838833542832, -0.0003109015743098323, -0.00025932943035861076, 0.26318548453610807, 0.24632248939179632, 0.2492927864214993, 0.2526874115983027, 0.24886845827439888, 0.002828854314002829, 0.0934936350777935, 0.08486562942008487, 0.09476661951909476, 0.07630834512022631, 0.08426449787835927], "feature_scaler_scale": [666.0080306063444, 668.485814620359, 662.8546958873686, 665.3321108354007, 1730450.5301429157, 664.9563791458123, 0.01583390756610023, 0.00783881025930548, 0.012657039053227528, 0.03515992561762494, 0.048972247731533566, 0.06679974325021848, 0.007247804138183189, 0.006304932285874497, 11.215435557654189, 15.600528110571886, 44.04772983871337, 40.87879696165091, 14.406792987850919, 1289452.52547453, 973620.128953801, 0.251277539762627, 664.3533206056911, 663.6182946679153, 663.0265196240745, 662.0645220653568, 624.703126672923, 18.67125166001598, 13.030445236274984, 9.01094109515556, 5.069302022767497, 2.3371049205578593, 0.4996972369276668, 0.9550656826567295, 25.324218000770365, 15.25268989715827, 8.958092636487505, 14.444613549241874, 8.563174061899172, 3.659675787524283, 0.3856415606011221, 0.007694959588151605, 0.27995682345291206, 0.000170456857409821, 0.0006298366133287289, 0.0022371228745919, 0.002266258196468146, 0.007808316171524068, 0.005464992287463926, 0.006298563365985024, 0.07371591023910153, 0.4308685653555914, 0.43260362118182577, 0.43455319998603265, 0.4323574317049623, 0.05311169266060701, 0.29112295560083734, 0.2786816362145343, 0.29289231356256556, 0.2654908314522334, 0.27778407491364326]}