{"feature_scaler_mean": [111.98861769687983, 113.54406730611488, 110.32876166994609, 111.81780825653614, 19439570.081481483, 111.76382639513234, 0.000562780014176835, 0.002108711487489863, 0.029384822910651566, 0.0005359353572000852, 0.0007264683804227569, 0.002803932554708593, 0.01769459307250424, 0.018113840637421417, 50.38288870059624, 3.3127805086145115, 0.07109757574297515, 0.06667733966878811, 0.004420244067310269, 19256789.096626986, 19141751.875132274, 1.0091887585017205, 111.74389484378607, 111.72764901257065, 111.68488533786996, 111.51206072785446, 112.86375576537333, 0.01221137649003523, 0.008320678628790578, 0.015341555831191742, 0.008306322667404444, -0.022739433266651694, 0.4111552028218695, 0.37839506172839504, 49.75246652734763, 50.247282855220575, 50.37773278512231, -0.4948163042605462, -0.13045005987560937, 0.0028713216498639717, 0.40652557319223986, 0.03035732430703215, 0.4920559673734351, -2.142491650011406e-05, 0.0019126645161730658, 0.005775623138908977, -0.00570943278005524, 0.01804237531859845, -0.00016931050036004392, -0.0008231144178152628, 0.21010897416322505, 0.24603174603174602, 0.25132275132275134, 0.25229276895943564, 0.24682539682539684, 0.003527336860670194, 0.09312169312169312, 0.07760141093474426, 0.08641975308641975, 0.08465608465608465, 0.08580246913580247], "feature_scaler_scale": [16.385835660482673, 16.41004041691637, 16.37469834987607, 16.322781761685256, 17268168.357113026, 16.38142490202107, 0.018792847750848815, 0.008483411194685, 0.018350052774193982, 0.044535102355702974, 0.06489336941022071, 0.08995723583104993, 0.007295564836738368, 0.006133724147725223, 11.781097811812945, 0.8290954997427641, 2.3048684851350045, 2.1159069813189455, 0.7851035312621935, 12062562.280154373, 9728143.361358847, 0.3345858929907249, 16.190039493437048, 16.04866713272476, 15.780864583710375, 15.01854167285812, 14.004468317236666, 0.949744756329031, 0.6906815764828883, 0.48617455780457075, 0.2547354412340432, 0.1183054298684953, 0.4920432928252854, 0.8744011198260523, 25.281170102479106, 15.904929373270605, 9.365080618396052, 14.121621090845101, 8.738937460712954, 0.18177020725568788, 0.4911848242087598, 0.010099798647165328, 0.3105996912844183, 0.0002308044092220983, 0.0009407875340740351, 0.003794257888361292, 0.004109058157017634, 0.011872080057312377, 0.007501211314154977, 0.007884319541637975, 0.08711952727999156, 0.4306972555940782, 0.43377370366386797, 0.4343283639024779, 0.4311642613985965, 0.059286547844704274, 0.29060289639276804, 0.2675433272494474, 0.2809828809071365, 0.27836923678242326, 0.28007214325239127]}