{"feature_scaler_mean": [2882.2336157233062, 2909.2381292016107, 2853.340625955502, 2880.967443389405, 2838049.7333865813, 2879.4959674254264, 0.000541594448097135, 0.0010048824019823314, 0.020276007403622565, 0.002714760150871265, 0.005047116027194665, 0.01041029538868513, 0.014182534196073859, 0.014522871003893855, 52.760682477229956, 60.042826133338025, 9.425197451454572, 9.356788093141846, 0.06840938884007157, 2824355.9136980833, 2821471.319934771, 1.0040914191145358, 2877.533252014875, 2874.202301152141, 2867.5672866740038, 2847.285470691555, 2756.405769015019, 1.4522763572605, 1.353786205777083, 1.3788881165579485, 1.3218503766253549, 1.2698644988985655, 0.4843982960596379, 0.22824813631522897, 52.78766891745587, 52.8216740677278, 52.64669294631519, -0.034005238644231245, 0.17498116157096003, 0.04232210961652273, 0.7290468583599574, 0.02169226677257655, 0.4349148247337427, 2.5401452723892014e-06, 0.0012962014979399697, 0.00390404307801875, -0.003806499300902849, 0.013672706824134741, -0.0002838516626798857, -0.0001557067758827568, 0.25619463976988366, 0.2435303514376997, 0.2477635782747604, 0.2545527156549521, 0.2520234291799787, 0.002129925452609159, 0.08732694355697551, 0.07987220447284345, 0.08839190628328009, 0.08519701810436635, 0.08964323748668797], "feature_scaler_scale": [638.4441936233521, 640.0583575858142, 636.6681285851076, 638.4353929655199, 1659486.3238132133, 638.2309392956212, 0.014865619772558668, 0.007335998699096375, 0.011762404510260765, 0.03278351226775528, 0.045544667298482645, 0.06252887625711377, 0.006714313880829201, 0.005889705711631737, 11.082866806775751, 14.19340260063464, 41.925280723302585, 38.70274095967491, 14.048787042800717, 1267073.5862823676, 1009331.661077258, 0.25058392779188393, 637.7266386230552, 636.9338825890909, 635.9325570306689, 634.8808137475276, 632.4475968635377, 18.076537917140513, 12.558666671175343, 8.736914244612345, 4.710071205723493, 2.3538897488710235, 0.4997565275553825, 0.9622013488694121, 25.126736184894654, 15.18273606810488, 8.735729628111873, 14.290022069833118, 8.544912413721963, 3.5303972621443362, 0.4444519509187266, 0.007382610152947092, 0.2871063992250334, 0.0001586644406472526, 0.000590962711435122, 0.0021225653445991408, 0.002108515940655489, 0.007331622265072751, 0.00499927721792061, 0.005780442977485478, 0.07417432548449032, 0.42921244083347426, 0.4317137796680556, 0.4356094932479653, 0.43417464265464206, 0.046101939982797546, 0.28231356411977493, 0.27109525157323416, 0.2838640117854334, 0.27917465180516593, 0.28566996247341286]}