{"feature_scaler_mean": [145.20456519097877, 146.9984911613, 143.24678547764404, 145.0505449093863, 17490381.693635903, 144.89427182601867, 0.0009080386259068846, 0.0020741666092458652, 0.026756908171611856, 0.003853076357359863, 0.007636902912113245, 0.015221438069494194, 0.01638307001344429, 0.01674043800288426, 53.08449647499146, 3.795697796773959, 1.066420184191309, 1.0443561322517876, 0.022064052982577905, 17250096.739300203, 17126138.895081136, 1.0094974983067952, 144.71598197577208, 144.3090978359354, 143.52373859896863, 141.27357809712873, 133.99268508624837, 0.1610277383563696, 0.16141703922601897, 0.15781196727116098, 0.14609237814713627, 0.08722926331330232, 0.44505578093306286, 0.3795892494929006, 52.59971753106156, 53.04978176754338, 53.042912739672474, -0.4500643108777785, 0.006869017948636418, -0.0006283414666821333, 0.6587221095334685, 0.027413034018622162, 0.4728635413824386, -1.1839934019044043e-05, 0.0017458417565479418, 0.0053227528504900725, -0.005115182640102529, 0.01679102771349476, 0.00023985892594780733, -0.0003889560002945836, 0.20625321950780465, 0.24206389452332658, 0.24835192697768763, 0.25499492900608517, 0.2510395537525355, 0.0035496957403651115, 0.09946754563894523, 0.0813894523326572, 0.08417849898580122, 0.08113590263691683, 0.09490365111561866], "feature_scaler_scale": [54.7124514657208, 55.20475154409654, 53.99680268297186, 54.66709969131285, 14889107.098964563, 54.4947642679906, 0.017464471383614507, 0.007535378228862588, 0.015734235513607895, 0.04062891072037441, 0.05886762436232807, 0.08196593248930159, 0.0065593223786088225, 0.005501693218535946, 11.845336391459584, 1.3832813409851201, 3.1381231366898654, 2.9622295873485167, 0.8934183387273061, 10266875.608468259, 8171462.182637532, 0.32207886053252904, 54.20261853204426, 53.5012521755364, 52.118115350522274, 47.91998911824701, 33.794808684496715, 1.1714938647334503, 0.838542865621563, 0.6011623495981245, 0.38652137183820057, 0.20205406540513904, 0.4969719637878671, 0.8748829151721853, 24.923612017445592, 15.702839980319334, 9.648737718242703, 14.106938211035308, 8.474662983446418, 0.21924238873696805, 0.47413847338639564, 0.008897927210183777, 0.3241396958666405, 0.0002114243590543561, 0.0008139563581568986, 0.0032993805108258614, 0.0034570186863205005, 0.010286275470574296, 0.0064593070059177264, 0.007155676470113001, 0.08569001856464245, 0.42833277424389027, 0.43205699548117305, 0.4358583659715199, 0.4336112270275564, 0.059473484852602704, 0.29928874520022863, 0.27343227567656503, 0.27765532462807857, 0.27304371067681904, 0.2930818113096371]}