{"feature_scaler_mean": [921.1354534298991, 932.3554984239653, 910.1880280071155, 921.1436427574504, 22384756.7576284, 919.17648913565, 0.0022509385571868315, 0.0022842962850325894, 0.024669172585339728, 0.005194118955742519, 0.010439477660260628, 0.021226234258916368, 0.01820963095410043, 0.018700319110891386, 53.7623752501796, 23.744676591154313, 6.269227579453245, 6.272033118570274, -0.002805560308099187, 22307438.06925982, 22337884.692145016, 1.0022380450566009, 918.583361680414, 916.4487533315792, 912.1249595204149, 898.4434892637132, 836.3174330212919, 0.9331836120674268, 0.9226940382705309, 0.9298406366224392, 0.9080604636472625, 0.8443323357180577, 0.4403700906344411, 0.36903323262839877, 54.09595356752865, 53.85061800825632, 53.672486213758994, 0.24533569734836183, 0.17813186059590552, 0.06456895128862856, 0.9161253776435045, 0.02638490957248776, 0.48107676462388493, -1.4358574571429154e-05, 0.0016004271489452695, 0.00492316410315221, -0.004794536666634065, 0.014848165353443587, -0.0005248432816581065, -0.0008254475480108337, 0.2511501026972903, 0.24705438066465257, 0.2500755287009063, 0.2524546827794562, 0.24739425981873112, 0.0030211480362537764, 0.09984894259818732, 0.09063444108761329, 0.08591389728096677, 0.07250755287009064, 0.08999244712990936], "feature_scaler_scale": [248.7230133971775, 251.13658585287263, 246.6532221231509, 248.919864390309, 16607707.169479834, 248.61985537361838, 0.019375735015904713, 0.009107325467666422, 0.015622654052053054, 0.044709652432950456, 0.06674060745547608, 0.09576420587891438, 0.010112624174139495, 0.009146570115351735, 12.07471846872092, 7.806029810323096, 19.72890036429645, 18.43152569340327, 6.060583004509099, 13492294.59319918, 11640190.348320024, 0.2633649049553624, 247.9603063560107, 247.09184316471877, 245.81308884953395, 241.4242164567255, 220.10169000188137, 7.85196084227366, 5.632412377990213, 3.909849709864843, 2.3965154542824822, 0.6657300079909727, 0.4964315400024194, 0.9212948831592184, 25.427751601910696, 15.804726930512247, 9.827365840536771, 14.351740947389677, 8.424357949999942, 1.539274931708764, 0.2771996935082709, 0.00938424392454655, 0.29419719632841346, 0.0002133108685799342, 0.000746314419528048, 0.003168573872359708, 0.0029827859189077753, 0.008415297217118407, 0.007044480692043813, 0.00805368537629383, 0.07288222456445052, 0.43129863628235504, 0.43305629962612774, 0.4344206670063621, 0.4314977868164344, 0.05488187953048547, 0.2997984844194428, 0.2870885563312421, 0.280236863269286, 0.2593264499562621, 0.2861709394566842]}