{"feature_scaler_mean": [978.1324313734045, 989.3053792253811, 966.8610104373951, 977.7797493230158, 20650901.772173367, 976.2975938979106, 0.0017519626618762336, 0.002073242141512255, 0.023712429277986127, 0.003879259204274407, 0.007692744396853637, 0.015726096357895732, 0.017485520767542912, 0.017959784456305253, 52.79022010115523, 24.252279138175687, 4.59269106823029, 4.675925855815935, -0.08323478647879202, 20607783.069723617, 20659256.264164574, 1.0005560314853736, 975.7993210586471, 974.3715735143154, 971.3835524362536, 961.0865076841421, 907.7159816090186, 0.6676310319638339, 0.6445736850162584, 0.6526908595666603, 0.6981829292339217, 0.7238945523619151, 0.4514761306532663, 0.31975502512562815, 52.99519134157866, 52.81837084562934, 52.77385391086789, 0.1768206089711631, 0.04451699664479299, 0.06193316588663828, 0.867462311557789, 0.025529605893818336, 0.4496598828344105, -1.3698635628116874e-05, 0.001533186068596323, 0.004733419520468931, -0.004588316630835478, 0.014368548630499843, -0.0005164296624414319, -0.0007871051185019549, 0.2513355629434388, 0.2466394472361809, 0.24789572864321607, 0.2517273869346734, 0.2512248743718593, 0.002512562814070352, 0.10141331658291457, 0.08055904522613065, 0.08417085427135679, 0.08165829145728644, 0.09745603015075377], "feature_scaler_scale": [260.7837167148722, 262.6575480378159, 258.79787062282446, 260.5724852103045, 15916635.990215022, 260.87124937037254, 0.018608478309362526, 0.008783124288130578, 0.014887312746581106, 0.042889304751556764, 0.06355865266392853, 0.09181927961862252, 0.009535200197181501, 0.008644002630653827, 12.025236562260915, 7.507221937071511, 19.547631143685738, 18.211021064951336, 6.095383902393263, 13029520.07214462, 11345879.012940593, 0.2638888488312176, 260.3460895491022, 260.3268455175896, 260.60849707712515, 260.6806465006359, 255.9224352618428, 7.894509578270499, 5.61560080433861, 3.9629655442330605, 2.333650729435464, 0.6984741594728049, 0.497639863861061, 0.938825680614035, 25.527200774448133, 15.845268731027152, 9.714164935533795, 14.380463702162087, 8.504100619455835, 1.5333805129588527, 0.33907440125225063, 0.008927257185213935, 0.3036202905209525, 0.00020317562667822512, 0.0007100468969491252, 0.003028513565214894, 0.002832053469134342, 0.00818401042700066, 0.006622687574913489, 0.007594405120320559, 0.0723217373279702, 0.43105502004163787, 0.43179096373557757, 0.4340054257744068, 0.4337175773111436, 0.05006245940996499, 0.3018752321780133, 0.27215672958485837, 0.27764387542785784, 0.2738434130914167, 0.2965777340563861]}