{"feature_scaler_mean": [2929.043351275152, 2956.773873678521, 2899.964412628855, 2928.1539959982974, 2816913.5965517242, 2926.2159539491604, 0.000655314596193904, 0.0010168493333148152, 0.020227892634588244, 0.0030961690896970646, 0.005798682337352306, 0.011963650919806352, 0.014165289765441106, 0.014499774160152622, 53.09041232317988, 60.62068627330401, 11.41035078948186, 11.285151168043416, 0.12519966162954652, 2796114.7802136154, 2790465.161536511, 1.0052379963394353, 2924.198998655122, 2920.072557686889, 2911.9206073969904, 2887.343056814569, 2789.4411202978167, 1.7705570445919285, 1.6636939647259912, 1.698738402412339, 1.581093208692235, 1.3546203428038734, 0.4822261663286004, 0.23128803245436105, 52.98526572956275, 53.13422635157742, 52.96718682159516, -0.14896072816844222, 0.16703959313404518, 0.03476909701659299, 0.7403651115618661, 0.02154306045494422, 0.45161829173931395, 1.6661833756443386e-06, 0.0012919053095141397, 0.003895976913124266, -0.003794154195431039, 0.01363249978583786, -0.00029643500234027777, -0.00019849964128371662, 0.2573270437823378, 0.24206389452332658, 0.24835192697768763, 0.25499492900608517, 0.2510395537525355, 0.0035496957403651115, 0.09946754563894523, 0.0813894523326572, 0.08417849898580122, 0.08113590263691683, 0.09490365111561866], "feature_scaler_scale": [658.6263735627646, 661.2201268368736, 656.6389007719722, 659.1838548715149, 1651374.8047386343, 658.3392993267978, 0.0148904325048851, 0.007306786836131367, 0.011615297054153453, 0.03270752925645625, 0.04529456042209509, 0.06199623098174984, 0.00659803574900506, 0.00576240123900431, 11.068451616734963, 14.289833432369415, 42.36904811312545, 39.1664201841122, 14.111735237771871, 1252105.5130627677, 996661.560135342, 0.25209601047541236, 657.7471021561836, 655.8910463931416, 652.8819949495369, 645.9472760024527, 634.8069088663699, 18.421279590609185, 12.718191405555178, 8.792504442822596, 4.816021984011556, 2.3475293369728294, 0.49968399097486166, 0.9611388002288056, 25.115901422242885, 15.14387443137153, 8.748492732029202, 14.324545761280483, 8.509819134297016, 3.614688245541458, 0.43843427459986234, 0.007250234044662244, 0.2954075822922274, 0.00015727394282005812, 0.0005810954307218807, 0.0021031553571092573, 0.0020756998331641647, 0.007273162061097069, 0.004947666913972503, 0.005740816826817435, 0.07502187588622991, 0.42833277424389027, 0.43205699548117305, 0.4358583659715199, 0.4336112270275564, 0.059473484852602704, 0.29928874520022863, 0.27343227567656503, 0.27765532462807857, 0.27304371067681904, 0.2930818113096371]}