{"feature_scaler_mean": [130.939772904828, 132.56710452969298, 129.19251451235715, 130.78295660788703, 17618726.459248878, 130.69423855858534, 0.000695423522815077, 0.001963292457621148, 0.026872435004728107, 0.0025913933440356416, 0.005058275660849177, 0.009820980362946766, 0.016397628574183153, 0.01680365802105224, 52.088367803748945, 3.4652980501341712, 0.5082611653579552, 0.478172471202887, 0.03008869468804027, 17424392.072057176, 17298837.668217488, 1.009854698483519, 130.57041606753396, 130.3542723946507, 129.95850625551336, 128.94946675578575, 125.99665694087075, 0.08616126719173126, 0.08544220900906442, 0.07951125240223816, 0.06558745518416029, 0.03895783777659279, 0.4416479820627803, 0.3687780269058296, 51.829602031870806, 52.13191172205279, 51.990837540701364, -0.30230974181369363, 0.1410741270607496, 0.0015430011950653686, 0.6227578475336323, 0.02773588188666007, 0.43569215267986444, -1.3993904865748087e-05, 0.0017569124824287853, 0.005333590901789183, -0.005145256522140568, 0.016893438620084578, 0.00018441026636925026, -0.0005173743765594471, 0.20424521669803913, 0.24621636771300448, 0.24868273542600897, 0.25277466367713003, 0.2500840807174888, 0.002242152466367713, 0.09091928251121076, 0.08408071748878924, 0.0930493273542601, 0.07875560538116592, 0.08696748878923767], "feature_scaler_scale": [31.549271904138305, 31.651381422940393, 31.385472842552762, 31.52700556201335, 15399993.699615048, 31.50459600583919, 0.017475633243774807, 0.007717737629690641, 0.01608705339608717, 0.041041699985682634, 0.05943542490417115, 0.08162558190181755, 0.006745175611954269, 0.005680267302405477, 11.585043434745298, 0.7879911334639427, 2.415259991424841, 2.209011138254281, 0.8061010756419213, 10644368.331572162, 8508627.656476386, 0.32662687562479154, 31.247787321207312, 30.853904761893293, 30.150831159822, 28.418651137061772, 23.313493050070374, 1.0158040247595645, 0.7311945087183314, 0.4998663342437665, 0.2773579159855668, 0.12965730985758106, 0.49658336863268526, 0.8748096961852296, 25.068881595454872, 15.638918928379889, 9.22106662973116, 14.201285759203882, 8.5678735201478, 0.19262131124053025, 0.4846963078761428, 0.00923106814462122, 0.31312295347411745, 0.00021281275825240373, 0.0008361448848188909, 0.003354022970263637, 0.0035564386938756495, 0.010530172649897761, 0.006648112897273499, 0.007229034787133813, 0.08643590846205011, 0.430806067718666, 0.43224950263356865, 0.434602845227818, 0.4330612350338858, 0.047298258093553286, 0.28749428964565243, 0.2775088294726909, 0.29050154910631615, 0.2693569379136589, 0.2817874104409299]}