{"feature_scaler_mean": [116.02311929374304, 117.6240481843401, 114.33452850238073, 115.86236177311923, 19000950.62726586, 115.79740109083515, 0.000632947871405765, 0.0020459591094582953, 0.028969402902856684, 0.0012128620944038635, 0.0021710975666023005, 0.005160750858531421, 0.017697078833712427, 0.018109345319364333, 50.90504771431407, 3.3888738899972863, 0.1941771336331815, 0.1834473175610756, 0.010729820830863549, 18830977.66457704, 18649771.58595166, 1.0128295542002625, 115.75046201890329, 115.67877738871964, 115.53672256498538, 115.131196400046, 114.90603427137853, 0.03140196427871719, 0.028878700832331277, 0.03259607202118808, 0.024926865568737643, 0.001369416700567318, 0.42545317220543805, 0.3561555891238671, 50.43574813101947, 50.839417580679466, 50.86263528352778, -0.4036694393987033, -0.023217822879192693, 0.0025421348048288417, 0.4916918429003021, 0.029938336564903217, 0.49864452825788846, -1.9793168882067285e-05, 0.0018924248808209877, 0.005728403911953989, -0.005611508319815944, 0.018075568882239913, -6.160041256630132e-05, -0.0007966664198355145, 0.21194851802088027, 0.24705438066465257, 0.2500755287009063, 0.2524546827794562, 0.24739425981873112, 0.0030211480362537764, 0.09984894259818732, 0.09063444108761329, 0.08591389728096677, 0.07250755287009064, 0.08999244712990936], "feature_scaler_scale": [18.59625055923389, 18.691453596954418, 18.515948564643608, 18.5385616241031, 16745059.66109024, 18.586792315258254, 0.018720343437463947, 0.008515112738694966, 0.017456479878035214, 0.04388569499506059, 0.06377176724721167, 0.0887444061029944, 0.0070319687733212425, 0.005760090613424331, 11.867129840992611, 0.8211100465007313, 2.3674616107129793, 2.1711827078973154, 0.8137990994613694, 11568831.857494133, 9260939.560968416, 0.335222289904696, 18.37798766971946, 18.178257803147584, 17.789438688566314, 16.691981283916398, 14.05184619951708, 0.9790266751811162, 0.7086719561529191, 0.5000903116431229, 0.26030124261305077, 0.12537036157353104, 0.49441153957578016, 0.884921025009988, 25.1119070811505, 15.990391275036373, 9.392515174052999, 14.01654966294055, 8.778234502972595, 0.18651082012274017, 0.49993096976031076, 0.009497612800629862, 0.3032600189630298, 0.00022927597787173747, 0.0008972552338700022, 0.0036405586835933047, 0.003899843076378075, 0.011420484364328798, 0.007311387951967879, 0.007869350460567668, 0.08719636368564306, 0.43129863628235504, 0.43305629962612774, 0.4344206670063621, 0.4314977868164344, 0.05488187953048547, 0.2997984844194428, 0.2870885563312421, 0.280236863269286, 0.2593264499562621, 0.2861709394566842]}