{"feature_scaler_mean": [303.1069030167276, 307.6139283180237, 298.16473421986325, 302.6547466804094, 38657600.653951794, 302.23300620237274, 0.00138546475866579, 0.0028370280186894308, 0.03579662876264213, 0.005503491734665732, 0.011781294970876132, 0.022621041624794423, 0.02645438023617871, 0.027509446029949123, 53.021684215207806, 10.207895971199857, 2.6878728044041234, 2.648889141876121, 0.03898364550553792, 38275968.46357904, 38378355.51995516, 1.0016825552294741, 301.799515360674, 300.8089569168775, 298.85597000164836, 293.06659873483426, 276.9788524623409, 0.37895543499131407, 0.3963019899170921, 0.38538950535846195, 0.3722998020658113, 0.18878074435666234, 0.4418441704035874, 0.3390414798206278, 53.02865245588157, 53.071472414887005, 52.89183936343599, -0.04281996930751014, 0.17963311603055815, 0.0008493508393351602, 0.500560538116592, 0.03886700696818272, 0.41365644400798396, -1.55921631749575e-05, 0.0022287156020274574, 0.007098749788852451, -0.006324678160693401, 0.02183394969234529, -4.84799924234546e-05, -0.0009218574280482199, 0.28414101694457883, 0.24621636771300448, 0.24868273542600897, 0.25277466367713003, 0.2500840807174888, 0.002242152466367713, 0.09091928251121076, 0.08408071748878924, 0.0930493273542601, 0.07875560538116592, 0.08696748878923767], "feature_scaler_scale": [155.83193198887443, 157.03599086283117, 154.1705804800405, 155.49734495110363, 38165185.302082114, 155.30315325080306, 0.02894098592360869, 0.013928095096630297, 0.022137231629231802, 0.0705346129087843, 0.1068490307607157, 0.1655359574709328, 0.014011786367844486, 0.011852808396841172, 13.382179961701132, 4.176958727880431, 10.466407970074055, 9.941334501525334, 2.8728685390653137, 31493259.44665897, 28416513.831654925, 0.30163729688263535, 154.8991750852757, 154.08243545295554, 152.3499698782818, 147.05122849701036, 126.9397843205158, 3.5971366578311113, 2.657118975972288, 1.9961383874087992, 1.3034406716408513, 0.608793246675089, 0.4966063828465077, 0.919056093859455, 25.298774424736198, 16.644778530311374, 11.447410085196319, 14.392505363577433, 8.673846957226163, 0.6712261797624937, 0.4999996857969595, 0.015328838242657666, 0.30446243390968114, 0.0003154563840699064, 0.0010752567479376419, 0.004827377675510519, 0.0037838376798034635, 0.013614489518901032, 0.009153347505871141, 0.011232221448791994, 0.07418258596540565, 0.430806067718666, 0.43224950263356865, 0.434602845227818, 0.4330612350338858, 0.047298258093553286, 0.28749428964565243, 0.2775088294726909, 0.29050154910631615, 0.2693569379136589, 0.2817874104409299]}