{"feature_scaler_mean": [256.10841731080916, 260.59352006224293, 251.38511534964684, 255.8027617064696, 45460086.624398865, 255.36492422392547, 0.001589570680594986, 0.0028409449828262876, 0.03952386612306406, 0.005739432368138535, 0.011620402780804083, 0.02189425114236635, 0.029322353278680623, 0.030515682046028985, 52.418632573757684, 9.984461362864375, 2.0750396395920756, 2.025271215956379, 0.0497684103450031, 44899439.50024752, 44975287.085537486, 1.005331869345406, 254.96819341138868, 254.16597071408887, 252.67877911266882, 248.2453673873966, 233.80822701083216, 0.34145827241323606, 0.3247312564835548, 0.30880560682637975, 0.2875866321326843, 0.19310829108520022, 0.4506011315417256, 0.30152050919377654, 52.80657198786567, 52.568697287709234, 52.250957373682475, 0.23787477042702523, 0.31773993935017114, 0.014157788201900137, 0.4887906647807638, 0.042949802754381, 0.4780393345690829, -1.1611539034649205e-05, 0.0024581792604932667, 0.007874881427498308, -0.006958588438544586, 0.02388033582626406, 6.496509528260555e-05, -0.0008678791616593473, 0.2844768177101433, 0.24632248939179632, 0.2492927864214993, 0.2526874115983027, 0.24886845827439888, 0.002828854314002829, 0.0934936350777935, 0.08486562942008487, 0.09476661951909476, 0.07630834512022631, 0.08426449787835927], "feature_scaler_scale": [135.1250592764404, 136.71743334361466, 133.2198570680259, 134.88020550651328, 40026166.73137593, 134.64126484373415, 0.031622468347199076, 0.015287800031722382, 0.023052135667002895, 0.07711808221051424, 0.1173312294603345, 0.18161678933509548, 0.014209476856832166, 0.011434968943991354, 13.498025445035598, 4.604590944365573, 10.58510445009018, 10.037673024140966, 2.9562726837527253, 32165090.270267565, 28411522.280051775, 0.3102721552330141, 134.2486777156152, 133.63255099082133, 132.42156457774954, 128.6794984994569, 106.07980458573894, 3.6702548550016396, 2.738125234201539, 2.0333321920720997, 1.3224797095942027, 0.6364030983005544, 0.4975537677427704, 0.9363765709784171, 25.510517565101814, 16.745992050242798, 11.571651018976876, 14.61747060037935, 8.78736859619237, 0.6868546216453891, 0.4998743350122055, 0.014613724050909457, 0.3033565770573697, 0.000345645681572176, 0.0010774065448904446, 0.005030182357764715, 0.003943503728488575, 0.014180462478507239, 0.010074885734380179, 0.012355927187443438, 0.07344986518832869, 0.4308685653555914, 0.43260362118182577, 0.43455319998603265, 0.4323574317049623, 0.05311169266060701, 0.29112295560083734, 0.2786816362145343, 0.29289231356256556, 0.2654908314522334, 0.27778407491364326]}