{"feature_scaler_mean": [208.04936474256834, 212.21720199921353, 203.9385477506715, 207.87839533555234, 51630490.46322751, 207.38811749722382, 0.0018145128858692353, 0.002895860631332295, 0.042105769637908054, 0.007424298694210063, 0.015367820427541144, 0.029440561249529627, 0.030855135470579463, 0.032099988001827444, 52.96685248918214, 8.730988332581898, 2.7899180457165866, 2.6885081517321225, 0.10140987717690547, 50904094.04082892, 50846073.18368607, 1.0114723521578775, 206.82163850357082, 205.7418984024613, 203.6499837448147, 197.68495389612053, 189.10320235762015, 0.4498104041246812, 0.44609655948467486, 0.43528472623453973, 0.3668084634374745, 0.09942513127222811, 0.45401234567901233, 0.3242504409171076, 53.024190400054636, 53.013106995957656, 52.7666926247733, 0.011083513095061668, 0.24641440025328723, 0.008028209771294922, 0.390652557319224, 0.04524597947886526, 0.4939636345640666, -4.417582165945419e-06, 0.002616518964425117, 0.008523701640840528, -0.0073868828241728125, 0.025483610318206593, 4.794940906054278e-05, -0.0008911513148167192, 0.28448441109408146, 0.24603174603174602, 0.25132275132275134, 0.25229276895943564, 0.24682539682539684, 0.003527336860670194, 0.09312169312169312, 0.07760141093474426, 0.08641975308641975, 0.08465608465608465, 0.08580246913580247], "feature_scaler_scale": [103.93550859405421, 105.79537388050372, 102.27924992454366, 103.87453542900532, 42133028.549089536, 103.2791975256018, 0.03323664946649675, 0.01585372998994015, 0.023843509280422465, 0.08281629635392647, 0.12677940337601315, 0.1978705947362662, 0.014800496813927864, 0.011751825733531068, 14.363020966756293, 4.081858918979673, 10.909469076944816, 10.346032590021279, 2.861316019129489, 33034676.516619958, 28673994.736587565, 0.32270418045380395, 102.3869812059201, 100.7996454850397, 97.39575172521741, 86.87229017884628, 60.58551533330067, 3.5440441738809247, 2.6988848492778863, 2.059488965899968, 1.3433418770778554, 0.657307676561619, 0.4978806439801437, 0.9271398400232764, 26.1500163085377, 17.56538644545471, 12.405460368587324, 14.803935559551789, 9.033578255855032, 0.6454791268904767, 0.48789664559121554, 0.015126478281081579, 0.30856350878955896, 0.0003642324250962424, 0.0011109087076942204, 0.005287344910956868, 0.004092234732289941, 0.01494618975221206, 0.01058550494278637, 0.012885181516673228, 0.07529919814733065, 0.4306972555940782, 0.43377370366386797, 0.4343283639024779, 0.4311642613985965, 0.059286547844704274, 0.29060289639276804, 0.2675433272494474, 0.2809828809071365, 0.27836923678242326, 0.28007214325239127]}