{"feature_scaler_mean": [1005.6094843278552, 1016.4851634004191, 994.4387660843374, 1005.1417995692368, 19848614.951289237, 1003.9399144313795, 0.00147204913245793, 0.0018920904061089272, 0.022796574048802358, 0.0034514781213444944, 0.007123048832993278, 0.014972981447682193, 0.016902851656516765, 0.01738662773996723, 52.79672893756174, 23.89962988797859, 4.438789372760051, 4.515021898942444, -0.07623253656118469, 19797590.748318385, 19832335.491816144, 1.0017953647058373, 1003.4395716252349, 1002.0894207206007, 999.1338045163005, 989.1794330545605, 943.4955336686207, 0.5945271278565516, 0.6070275555864904, 0.6402894050180975, 0.658982580136184, 0.6262273333992312, 0.45297085201793724, 0.3133408071748879, 52.88607136957314, 52.83437796253794, 52.727897518525744, 0.05169353389511127, 0.10648049194649731, 0.038293979759335406, 0.8103699551569506, 0.024619157494707743, 0.43018542338526, -1.2480521735184816e-05, 0.001476110511865885, 0.004571723746793734, -0.004400817744151064, 0.013911469635173089, -0.0004603837971575101, -0.0007373000851037528, 0.25003731235080806, 0.24621636771300448, 0.24868273542600897, 0.25277466367713003, 0.2500840807174888, 0.002242152466367713, 0.09091928251121076, 0.08408071748878924, 0.0930493273542601, 0.07875560538116592, 0.08696748878923767], "feature_scaler_scale": [259.5423702448475, 260.9911099438515, 257.8399004337612, 259.2691234770423, 15360378.66823058, 259.8269770173185, 0.018132250804092885, 0.00896212723703419, 0.014430688333141765, 0.04186250026730584, 0.06186712685287752, 0.08830065929346859, 0.009386199888419188, 0.00849856303288715, 12.067346840553231, 7.296519789396709, 19.187191067045635, 17.83390941593812, 6.076134573011839, 12620664.91754553, 11027098.845875366, 0.26377163961262606, 259.26474465125614, 259.248927203873, 259.4483531810911, 259.6106001365665, 262.8142877662113, 7.926165432447708, 5.632799888930843, 3.880791307809812, 2.2972972170496138, 0.7348580881092689, 0.497783345683657, 0.9401490939358256, 25.6406391439829, 15.910172992782105, 9.737681003654158, 14.441746087786655, 8.506052190471499, 1.5427246723440808, 0.3920082791674824, 0.008905395877649649, 0.3097768923329178, 0.00019612635107357944, 0.0006975568411250133, 0.002975688337772365, 0.0027672169732667266, 0.00803127433186975, 0.006373259737378734, 0.0072889884328803415, 0.07371381270133719, 0.430806067718666, 0.43224950263356865, 0.434602845227818, 0.4330612350338858, 0.047298258093553286, 0.28749428964565243, 0.2775088294726909, 0.29050154910631615, 0.2693569379136589, 0.2817874104409299]}