{"feature_scaler_mean": [118.34267675299961, 119.97185621598823, 116.65216276932303, 118.19991829155865, 18858593.686032534, 118.1176814145381, 0.0007287303841118918, 0.0020068707499451225, 0.028696718693070663, 0.0016211888307860797, 0.0028254350911199526, 0.005929184491107901, 0.017528474777051058, 0.01796665993193757, 51.13127509633756, 3.4308469086758993, 0.22210710329248812, 0.20113190536036865, 0.02097520174261359, 18666139.164904527, 18553018.925884016, 1.0088206495157057, 118.0564640808645, 117.9588599651504, 117.77969934417638, 117.369444135156, 116.49553453966111, 0.04439087753003667, 0.03928705789636204, 0.03905733697020213, 0.027503585656070778, 0.008442279153287031, 0.43072842998585575, 0.35859264497878357, 51.02908260665486, 51.21714272020224, 51.02844296452685, -0.18806012804979588, 0.18869964011024046, 0.00360686817183431, 0.5240452616690241, 0.029731522984618303, 0.49727049107706806, -1.9099649439224506e-05, 0.0018773900847163286, 0.005689104218358672, -0.005543454647669503, 0.0179517692690511, 3.318687035463246e-05, -0.0007355192546090227, 0.21107024440299482, 0.24632248939179632, 0.2492927864214993, 0.2526874115983027, 0.24886845827439888, 0.002828854314002829, 0.0934936350777935, 0.08486562942008487, 0.09476661951909476, 0.07630834512022631, 0.08426449787835927], "feature_scaler_scale": [20.199732276375894, 20.33587948984328, 20.127891005608074, 20.186508884986257, 16544657.19945808, 20.19310536758702, 0.018525752238751185, 0.008354467240402825, 0.017115313788244633, 0.04351767382560391, 0.06327284487110864, 0.08794149181313574, 0.006933000218032184, 0.0056742718637735326, 11.808969550741262, 0.8228619721206129, 2.3711417845612077, 2.1721287798077085, 0.8221118347729832, 11322185.931681069, 9020407.843756823, 0.3334888010705128, 19.98125426494387, 19.752583645443444, 19.324141104797366, 18.31027910927661, 14.914136847595499, 0.989972242863091, 0.717261742902954, 0.5043469960013054, 0.2636587876914566, 0.12509998980544043, 0.4951781998310145, 0.8829781158990948, 25.20208591854974, 16.005554694089444, 9.307527657708237, 14.077162457015389, 8.858745087878004, 0.18842912202056566, 0.4994214907181652, 0.00929386651317056, 0.3045114973426749, 0.00022697391551803773, 0.0008801746624479569, 0.0035674951361601053, 0.0038191761795662435, 0.011187378879749571, 0.00720440242666993, 0.0077673476799386834, 0.08647386230477362, 0.4308685653555914, 0.43260362118182577, 0.43455319998603265, 0.4323574317049623, 0.05311169266060701, 0.29112295560083734, 0.2786816362145343, 0.29289231356256556, 0.2654908314522334, 0.27778407491364326]}