{"feature_scaler_mean": [113.46285129621917, 115.02844960050645, 111.80691848144032, 113.30922145905838, 18940087.724632353, 113.24179462295731, 0.0006548191344954592, 0.0020540079860379267, 0.02906209121388231, 0.0007766549462627344, 0.0011121781211484488, 0.0029207690579176036, 0.017632246805123646, 0.018053688063191894, 50.461705606591465, 3.3300501655422003, 0.06631527999439771, 0.05130046501799846, 0.015014822305780471, 18760891.844240196, 18650790.92990196, 1.0086298616298663, 113.21656918463364, 113.18237396751354, 113.12739592377656, 113.02362739400925, 113.56563868273318, 0.018786111754499134, 0.01347683802349006, 0.016264868712013138, 0.005609820183218926, -0.011331601163557007, 0.4169934640522876, 0.36736111111111114, 50.08346947562071, 50.422583685902985, 50.420845566465964, -0.33911419933117026, 0.0017380166491432713, 0.003774660369182052, 0.45016339869281047, 0.030104704337267606, 0.4892382172220143, -2.164113366602043e-05, 0.001890206227376825, 0.0057034315240837245, -0.005636359824954222, 0.017981291273620217, -0.00014271114091065506, -0.0008011777668918833, 0.2113442803415001, 0.24689542483660132, 0.25016339869281046, 0.2520424836601307, 0.24763071895424837, 0.0032679738562091504, 0.10796568627450981, 0.08137254901960785, 0.08006535947712418, 0.0784313725490196, 0.09734477124183007], "feature_scaler_scale": [16.67704350859358, 16.70970070577818, 16.66986937666634, 16.637323737435466, 16825275.936847173, 16.676839231932753, 0.018718416317144774, 0.008554940370230338, 0.017892544332510484, 0.04372975687096894, 0.0635792372450393, 0.08824173133865552, 0.007177335492398808, 0.005940954514297889, 11.659396446113679, 0.8055592265540276, 2.275651324261276, 2.089798772775487, 0.7817526994566092, 11792378.964926308, 9527977.086079212, 0.3312958892151586, 16.489411205437257, 16.333812351839487, 16.068898921878475, 15.43508602246381, 13.732012062746197, 0.9426206075493603, 0.6828303352097167, 0.4812087624211279, 0.2530524937503165, 0.1213217336699714, 0.49306177603826523, 0.879675220625091, 25.08905544340223, 15.786299640392738, 9.214085044375459, 14.062429560550166, 8.711002897699244, 0.18091389523650211, 0.49751011363596426, 0.009796639881298705, 0.30343339686467546, 0.00022749613054870714, 0.0009177047928220546, 0.0036953605977898783, 0.0039898080505858455, 0.011616973971152324, 0.007341855859961309, 0.007801095221333787, 0.08699120861128434, 0.43120537337956627, 0.43310699907445765, 0.4341855249666429, 0.4316361268296681, 0.057072709792735224, 0.31033706975123104, 0.27340639583902776, 0.271394358248106, 0.268849200015677, 0.29642666336496415]}