{"feature_scaler_mean": [2631.7705517388636, 2659.118829964033, 2602.8557527629378, 2630.256615078995, 3244585.084640523, 2628.2204614427355, 0.0007781110490374404, 0.0013305189422622295, 0.022292356935270385, 0.004504136291551749, 0.008399551876461487, 0.017084345150086687, 0.015094912679693996, 0.015493189384232525, 54.09936161773657, 59.65210907646254, 16.00959493680766, 15.994568903904614, 0.015026118954509692, 3230960.967361111, 3226265.005203227, 1.004778796395445, 2624.7367658976636, 2619.1674717373317, 2608.1260988572067, 2573.228351343691, 2413.5042700923345, 2.458137273876715, 2.2984244272523724, 2.3085279921398443, 2.2807792084331906, 2.156136430753395, 0.4756535947712418, 0.2803104575163399, 53.84108546415186, 54.07622351693172, 54.01508656903809, -0.23513814205535097, 0.0611370595722928, 0.055166055686871544, 0.8741830065359477, 0.023566850951760154, 0.46850490254149135, 3.3589914328985245e-07, 0.0014290098749911314, 0.004293971785760387, -0.0042014194120532375, 0.01489382756056395, -0.0003659291728207095, -0.00028525907228939496, 0.26376406278071646, 0.24689542483660132, 0.25016339869281046, 0.2520424836601307, 0.24763071895424837, 0.0032679738562091504, 0.10796568627450981, 0.08137254901960785, 0.08006535947712418, 0.0784313725490196, 0.09734477124183007], "feature_scaler_scale": [655.3077456059125, 657.8761833012749, 652.6341310074675, 654.6928467855569, 1795619.3277165582, 653.995157560736, 0.015921965558260455, 0.007866394280372748, 0.013211454562506688, 0.03466397639749637, 0.048780039389226565, 0.06754354659945996, 0.007569921653295881, 0.006661773056288184, 11.044308015610628, 15.516067596739285, 42.15638199259979, 38.94720953051888, 14.101137155601064, 1327197.780631782, 996004.8736877234, 0.2549696534516075, 652.0474946813176, 648.9188180450342, 643.0975283935715, 624.3253118962735, 516.3148269930348, 17.43696664406277, 12.389173320598568, 8.813772703084277, 4.71347687098751, 2.1626728832088187, 0.4994069007856475, 0.9505010211451268, 25.065113160471963, 15.10189206330657, 8.722163114606621, 14.288161726612653, 8.545371207779718, 3.451132743236024, 0.33164299724205304, 0.008188359608642544, 0.26928279779814457, 0.000171822129725438, 0.0006615165569276028, 0.0023168997149091456, 0.002346723436029149, 0.008080707278846529, 0.005655012636122815, 0.006453067019666448, 0.0738751253506192, 0.43120537337956627, 0.43310699907445765, 0.4341855249666429, 0.4316361268296681, 0.057072709792735224, 0.31033706975123104, 0.27340639583902776, 0.271394358248106, 0.268849200015677, 0.29642666336496415]}