{"feature_scaler_mean": [228.29420112846722, 232.64013449911977, 223.89663235969792, 228.08960200228722, 49539915.924795754, 227.637929255043, 0.001689940186076093, 0.002793227110827371, 0.041255771893942486, 0.006723332321255131, 0.01372897857745913, 0.026210136629915903, 0.0304228985566095, 0.031612663055097474, 52.817140447392184, 9.330388955197304, 2.6522264918310814, 2.6420117702535992, 0.01021470533535803, 48900675.85522876, 48869773.72107843, 1.01024581602245, 227.13128490821987, 226.1694073795493, 224.3541930896784, 218.52173118715973, 202.83047664679734, 0.40403880578651413, 0.390452816192779, 0.3791791289425615, 0.3786067384217175, 0.15517617352594076, 0.4548202614379085, 0.3053513071895425, 53.002354503028535, 52.85106477877673, 52.713297798431, 0.15128981733186403, 0.1377670071834966, 0.014608177717166779, 0.4354575163398693, 0.044513948377924877, 0.489178888880179, -5.717873967384156e-06, 0.002564657920095735, 0.008312214839327746, -0.007263912293145789, 0.024973606043365886, -6.124380246178381e-05, -0.0008930635442115375, 0.28580745497194965, 0.24689542483660132, 0.25016339869281046, 0.2520424836601307, 0.24763071895424837, 0.0032679738562091504, 0.10796568627450981, 0.08137254901960785, 0.08006535947712418, 0.0784313725490196, 0.09734477124183007], "feature_scaler_scale": [123.42704914101253, 125.23742581259621, 121.55817194723856, 123.30794072393364, 41351932.442632414, 122.94921302114015, 0.03272206622568921, 0.01567241459417128, 0.023625888812865446, 0.08063846112561021, 0.12340079500648445, 0.19190035038590728, 0.014538094010877228, 0.011583270126923948, 13.99328442997015, 4.511865076393591, 10.808853626780168, 10.261969313369068, 2.9231171790528445, 32657671.64752156, 28526956.38501321, 0.3168831553414798, 122.32760720036816, 121.30337450465736, 119.22534584632109, 111.73713262709296, 76.18007632941469, 3.5917926917731267, 2.728849452071604, 2.048924263568796, 1.3530190991584534, 0.6651121541968454, 0.49795460759334137, 0.9342891416005211, 25.726835440066427, 17.17441453987616, 12.067168488586663, 14.630440392751327, 8.882165425863555, 0.6632975399330755, 0.49581676837622607, 0.014899685246924789, 0.30529860783541707, 0.00035860791679685685, 0.0011008149252626682, 0.005208459215135001, 0.004060426504157489, 0.014662904971591024, 0.010357935284285108, 0.012736668042688104, 0.07550909993395119, 0.43120537337956627, 0.43310699907445765, 0.4341855249666429, 0.4316361268296681, 0.057072709792735224, 0.31033706975123104, 0.27340639583902776, 0.271394358248106, 0.268849200015677, 0.29642666336496415]}