{"feature_scaler_mean": [891.507032204921, 902.0546710843354, 880.7420942094591, 891.2211040945614, 22907604.687745098, 889.3878665076362, 0.002208833421002435, 0.002471529163798241, 0.02461421993778702, 0.005302416498814717, 0.010531850096285898, 0.02108272775909498, 0.01812237671487417, 0.018608190054096755, 53.7455114032708, 22.95672951948409, 5.980052857820456, 5.9673183003805725, 0.012734542600544218, 22897700.486683007, 22968702.913031045, 0.9999480764387675, 888.7652421165915, 886.6878927866618, 882.5222390168633, 869.6412772284614, 806.2365457148334, 0.9288693618318873, 0.902947717019375, 0.8875582128047207, 0.8649307954866589, 0.821580582187021, 0.4366421568627451, 0.3877450980392157, 54.12796664326604, 53.8325752986802, 53.66794066927791, 0.29539146480254, 0.16463468334108006, 0.0632119628154137, 0.9101307189542484, 0.02641728103786305, 0.4586578624300184, -1.4561842056778851e-05, 0.0016023206972854526, 0.004936627743696661, -0.004819450732440386, 0.01479425941024423, -0.0004910943993106937, -0.00079019689082195, 0.25082300179242306, 0.24689542483660132, 0.25016339869281046, 0.2520424836601307, 0.24763071895424837, 0.0032679738562091504, 0.10796568627450981, 0.08137254901960785, 0.08006535947712418, 0.0784313725490196, 0.09734477124183007], "feature_scaler_scale": [234.3174065086881, 235.9344055669008, 232.2553868347472, 234.04769757853435, 17010284.831712473, 233.9569750668345, 0.019291752366896352, 0.009111299045459483, 0.01598048931768067, 0.044387660028516455, 0.06661877774439104, 0.0975547544761458, 0.010416622271163058, 0.009458778686352911, 12.182819226413441, 7.50253576083962, 19.743112195938185, 18.590078921592205, 5.71368427712311, 13824458.578612208, 11873021.061787121, 0.2681383732356932, 233.2400910969471, 232.42212007341774, 231.3330929587099, 227.8522222260586, 200.89268222344444, 7.343501632136655, 5.294192439559009, 3.857782170536489, 2.442566539691521, 0.6798599928992047, 0.49596953909795244, 0.9137548120769242, 25.200021055175213, 15.812345902207218, 9.97241060326092, 14.188098658881769, 8.383651714667621, 1.4260563745762875, 0.285994393948683, 0.009711448973616634, 0.2894673747584425, 0.00021347113422141986, 0.0007670594180542617, 0.0032237989725887716, 0.0030402847179695092, 0.00858810183077045, 0.007117993336527945, 0.008130745813624746, 0.07344401490942751, 0.43120537337956627, 0.43310699907445765, 0.4341855249666429, 0.4316361268296681, 0.057072709792735224, 0.31033706975123104, 0.27340639583902776, 0.271394358248106, 0.268849200015677, 0.29642666336496415]}