{"feature_scaler_mean": [2849.278759413236, 2876.2906235836012, 2820.1948184436746, 2847.874136150685, 2881397.770795964, 2846.428205546563, 0.0005435697155627726, 0.0010478735964958134, 0.020567226498750573, 0.002652386907348066, 0.004997343782442147, 0.01040228338994196, 0.014399676404738352, 0.014754385532768999, 52.7229265306028, 60.405460096047065, 9.220653616782329, 9.139315185379948, 0.0813384688488571, 2871596.713253223, 2869928.0174432457, 1.0034358020521066, 2844.450238492136, 2841.2218243278194, 2834.672678060489, 2814.813223831108, 2725.254556695228, 1.3825894064775819, 1.3113796213297215, 1.3521880649940128, 1.2908419882905808, 1.2919198596572312, 0.4887331838565022, 0.23186659192825113, 52.826373834112836, 52.79927469716478, 52.59540068483139, 0.02709905266962244, 0.20387404249843227, 0.04270718272125731, 0.7197309417040358, 0.0220379804014364, 0.4420483669632578, 2.981073736898906e-06, 0.0013135808128030917, 0.00395663087707819, -0.0038554033661758968, 0.013882245260905245, -0.0002881204569504994, -0.00015665875579168136, 0.25719548888074345, 0.24621636771300448, 0.24868273542600897, 0.25277466367713003, 0.2500840807174888, 0.002242152466367713, 0.09091928251121076, 0.08408071748878924, 0.0930493273542601, 0.07875560538116592, 0.08696748878923767], "feature_scaler_scale": [637.7170171022119, 639.3378876193952, 635.675939363388, 637.4989137060638, 1675877.8003409149, 637.3648223821071, 0.015040645159189637, 0.007465608761641598, 0.011894770579897171, 0.0331649501262466, 0.046038169826093885, 0.06314267190092755, 0.006786976188853869, 0.0059346534048788395, 11.046157347614889, 14.406218163148369, 42.1991644318524, 39.06358909972487, 14.012639105043965, 1275860.4389829852, 1010723.6521413876, 0.25006935605242053, 636.8421010053022, 636.2090832384617, 635.4259330478062, 634.9210044263608, 633.7653486516751, 18.120028454152315, 12.574322091821891, 8.739713511518428, 4.796170894291396, 2.408166040078696, 0.49987304273582683, 0.962159142442489, 25.1067857926817, 15.1135606153305, 8.734893609501226, 14.306442669840035, 8.508886957778602, 3.5372730234153273, 0.4491306193724417, 0.007408539727874453, 0.28894717352843174, 0.00016069055392073253, 0.0005981147047289339, 0.002146223738802478, 0.0021344188209568475, 0.00741415934665144, 0.0050654176490211944, 0.005852717770417861, 0.07403831235412403, 0.430806067718666, 0.43224950263356865, 0.434602845227818, 0.4330612350338858, 0.047298258093553286, 0.28749428964565243, 0.2775088294726909, 0.29050154910631615, 0.2693569379136589, 0.2817874104409299]}