{"feature_scaler_mean": [2544.8657516936987, 2571.8892270042784, 2516.4325825255596, 2543.2750028364662, 3289083.1438712524, 2541.352128377709, 0.0007625753063114353, 0.001349611708910005, 0.022647835946971603, 0.00454642573327205, 0.008448886722443823, 0.017288476921770126, 0.015250501137886301, 0.01568976407743353, 54.06131878084186, 58.598799281818316, 15.882720798842701, 15.974610836835122, -0.09188994735584478, 3268180.0788690476, 3269835.5619598767, 1.0021720041410842, 2537.7584147296884, 2532.446511743939, 2521.631256539481, 2486.840269698962, 2330.5160719506534, 2.4201181854436755, 2.25491445676261, 2.281204820007769, 2.3009287502909017, 2.086159626024938, 0.4790564373897707, 0.291005291005291, 53.653639507293704, 53.968629220007166, 54.024837722139175, -0.3149898140571315, -0.05620836505446274, 0.06831496661252587, 0.8641975308641975, 0.02388137822159331, 0.4669698852299987, 1.7015439074163271e-06, 0.0014500657227908703, 0.004352111489867432, -0.004254602786920213, 0.015062064605410255, -0.0003729343508021488, -0.0002718226843407373, 0.262799688339943, 0.24603174603174602, 0.25132275132275134, 0.25229276895943564, 0.24682539682539684, 0.003527336860670194, 0.09312169312169312, 0.07760141093474426, 0.08641975308641975, 0.08465608465608465, 0.08580246913580247], "feature_scaler_scale": [599.3627571915497, 601.8534097260863, 597.3244327496944, 598.594580384896, 1826884.6587476954, 597.9126627523066, 0.016079552967330102, 0.007914687724186817, 0.01355640271858866, 0.03496359559148714, 0.04958956697993312, 0.06881116580693163, 0.0077493564498896635, 0.006821761395388503, 11.087556045995221, 15.464699589783438, 42.06010375120169, 38.88564489782299, 13.92730024458592, 1350015.3490499975, 1010796.6700375777, 0.25351485234069887, 595.565821184497, 592.4737089611378, 586.1670928598937, 564.5925478105179, 440.0979458676981, 16.94866701673143, 12.272445176785311, 8.792956853187409, 4.671525169791763, 2.2216620813641064, 0.49956117461736527, 0.9465281653882311, 25.097927683526517, 15.147158557282658, 8.785165343704058, 14.30883510160207, 8.555401839476138, 3.329320427368682, 0.3425786895188321, 0.008398955339226244, 0.27248811145336105, 0.00017394376706693127, 0.0006776390754800146, 0.0023696357645737083, 0.002399385627873187, 0.008199425120130954, 0.005806571318788472, 0.006583422403277683, 0.07330451142211822, 0.4306972555940782, 0.43377370366386797, 0.4343283639024779, 0.4311642613985965, 0.059286547844704274, 0.29060289639276804, 0.2675433272494474, 0.2809828809071365, 0.27836923678242326, 0.28007214325239127]}