{"feature_scaler_mean": [2699.1120545493873, 2726.6578869684226, 2669.421264722196, 2697.3022003312126, 3184553.939992447, 2695.602644716937, 0.0006637868565459576, 0.0012951434838355301, 0.022105569804890583, 0.003505264353033566, 0.006532816475940822, 0.013592939274731125, 0.015140351669277624, 0.015521294950350015, 53.37280595756369, 60.97160649933484, 12.413325562983122, 12.563596116944732, -0.15027045066668188, 3172292.7167060045, 3172229.6418853854, 1.0030974609321517, 2692.8935416737354, 2688.7591729800865, 2680.5580267914834, 2653.1958595621622, 2503.474931778, 1.8118138379116298, 1.6935079301161595, 1.747581012258897, 1.8180235667730993, 2.0788079522097105, 0.479607250755287, 0.2713368580060423, 53.265728859400824, 53.350740099889634, 53.338156538787565, -0.08501132469387933, 0.012583660574354163, 0.0690351084577239, 0.869977341389728, 0.023450430616837704, 0.4901620875413774, 3.804666861918993e-07, 0.0014138411209978173, 0.004246135935240272, -0.004151618970505994, 0.014830377885422548, -0.0003506597915557572, -0.0002883799946747239, 0.2636532736936545, 0.24705438066465257, 0.2500755287009063, 0.2524546827794562, 0.24739425981873112, 0.0030211480362537764, 0.09984894259818732, 0.09063444108761329, 0.08591389728096677, 0.07250755287009064, 0.08999244712990936], "feature_scaler_scale": [674.517952389681, 676.9840805039845, 671.2247497862627, 673.6263697381545, 1757227.9503194035, 673.3502324277729, 0.015932546194707947, 0.007875481965561933, 0.01293673883239344, 0.03469342915958727, 0.048598623384607006, 0.06727212431024915, 0.007409432563152764, 0.006468420849988352, 11.160277019225642, 15.702311000766072, 43.38496128180372, 40.114274850859616, 14.196544869367749, 1303828.4613263337, 982992.8337460276, 0.2514719230524698, 672.3972622329738, 671.2318755137493, 669.4620470643274, 662.8756603959716, 587.8958083358556, 18.018553585730217, 12.684227366841036, 8.981941078354408, 4.896402603909817, 2.142966495706727, 0.49958396269126015, 0.9535560071293354, 25.06234174863049, 15.156190214412518, 8.876556274128003, 14.256605275793467, 8.478110143510412, 3.5520209144063326, 0.33632836166203095, 0.00791251338520602, 0.2749254001329975, 0.00017143620051539602, 0.0006436147466616866, 0.0022721413604022654, 0.002298023655147806, 0.007942868226539435, 0.00556138030782726, 0.006388178017715683, 0.07416947983840802, 0.43129863628235504, 0.43305629962612774, 0.4344206670063621, 0.4314977868164344, 0.05488187953048547, 0.2997984844194428, 0.2870885563312421, 0.280236863269286, 0.2593264499562621, 0.2861709394566842]}