{"feature_scaler_mean": [123.96766008779632, 125.58896173232763, 122.25366251768179, 123.80860363370809, 18140417.01143216, 123.73780555221903, 0.0006359173158337549, 0.001962858369681006, 0.02778655358697826, 0.0016887905370877253, 0.00301095055377726, 0.0063589913052594935, 0.016927038775680903, 0.017376594256022337, 51.24442996523488, 3.4516475225812826, 0.2806310844239173, 0.26929920001181273, 0.01133188701814787, 17960907.78679334, 17871093.224937186, 1.0075975151330083, 123.6653273690286, 123.55829490297404, 123.35563059931424, 122.78598506007363, 120.6445908896288, 0.04775452282702097, 0.04309195996912655, 0.043522659731936995, 0.03805638825577618, 0.02505277645015402, 0.4320037688442211, 0.3630025125628141, 51.045935371667895, 51.25905413465883, 51.20691166984376, -0.21311880526280302, 0.05214235830640224, 0.0031017299893040277, 0.5772613065326633, 0.02881168582939997, 0.4586166188862478, -1.6871527070171584e-05, 0.0018209557201113405, 0.0055243755207469, -0.0053588083446903054, 0.01747677924989573, 0.00011127274171197693, -0.0005976353725190161, 0.2066650534184397, 0.2466394472361809, 0.24789572864321607, 0.2517273869346734, 0.2512248743718593, 0.002512562814070352, 0.10141331658291457, 0.08055904522613065, 0.08417085427135679, 0.08165829145728644, 0.09745603015075377], "feature_scaler_scale": [24.827431808164345, 24.909956333762562, 24.731399524345647, 24.78731597145874, 15887409.108862003, 24.814753261458073, 0.017965112396363357, 0.008034356493164481, 0.016527450218172916, 0.04204864147843349, 0.06089722875814423, 0.08410621284337007, 0.006853348618757882, 0.005683243795783126, 11.450822984776627, 0.7904658140143458, 2.296931010282424, 2.1050900430505153, 0.805783653565038, 10961848.491057677, 8777951.164704677, 0.3281578571229463, 24.63140998225686, 24.444433277406073, 24.09261309573901, 23.115216360183933, 18.40404550881291, 0.9844065739734207, 0.7074964317454603, 0.4901568310970101, 0.25953120155801696, 0.12818695536705813, 0.49535493592833446, 0.8810258581948404, 25.089564446105545, 15.612356202792949, 9.00510565975774, 14.228826453129688, 8.695836885778784, 0.1882597562584733, 0.49399462599588656, 0.009176470238467035, 0.3096955362726986, 0.00022015697013397944, 0.0008553570242282202, 0.0034523867830658565, 0.0036700985725696745, 0.01080688881968225, 0.006935074199271581, 0.007510064892718874, 0.08518366611609034, 0.43105502004163787, 0.43179096373557757, 0.4340054257744068, 0.4337175773111436, 0.05006245940996499, 0.3018752321780133, 0.27215672958485837, 0.27764387542785784, 0.2738434130914167, 0.2965777340563861]}