{"feature_scaler_mean": [266.54324736810173, 270.99040282423994, 261.7851148352383, 266.1764141189009, 43476217.928812996, 265.782122299336, 0.001456406745765028, 0.0028216450040157294, 0.038414270094928114, 0.004867266990417777, 0.010021156235814184, 0.018900041310705672, 0.028558399621057582, 0.02972156905018865, 52.03854864927439, 10.040593120937954, 1.7572240902989684, 1.732199762073353, 0.025024312977324374, 42982544.559897214, 43059400.37022547, 1.0047575359734204, 265.4647035694881, 264.8134871040162, 263.58799098847084, 259.7863493932021, 246.82793590687314, 0.2758395203098961, 0.2666427363472341, 0.2540113581835159, 0.24759814145915218, 0.16130056268298093, 0.4482427055702918, 0.30102785145888594, 52.46024250169964, 52.171998130294945, 51.9101861337768, 0.2882444154845417, 0.26181204197199553, 0.013711240924751221, 0.4592506631299735, 0.04188301213127647, 0.45751034178390027, -1.3469191145396323e-05, 0.0023931525686721965, 0.007639497277301869, -0.006775498596418079, 0.02333100552013544, 8.621680021631628e-06, -0.0009167791185651266, 0.28542133338245457, 0.24612068965517242, 0.24748010610079577, 0.25212201591511935, 0.25162466843501324, 0.002652519893899204, 0.08859416445623342, 0.07957559681697612, 0.08885941644562334, 0.08620689655172414, 0.08885941644562334], "feature_scaler_scale": [137.0754763062532, 138.5052928585484, 135.27200700411026, 136.77637430901285, 39542009.20786623, 136.61146200547103, 0.030881124207864628, 0.015020455993550934, 0.022822126469378454, 0.07523719438218221, 0.11432774452446431, 0.17725008772177298, 0.014136882966991704, 0.01151745756666393, 13.373794111334751, 4.480303078597398, 10.485465262459586, 9.941019964674306, 2.9348602896884715, 32033059.1507417, 28501516.991963618, 0.30517139598191473, 136.3308482245497, 135.93767355625388, 135.12958573533408, 132.45222106084398, 114.48102766529675, 3.635893318860709, 2.7025778036149566, 2.0208408240754867, 1.3041831652496785, 0.6292523125040969, 0.49731396770390573, 0.9365119574457658, 25.441192070848732, 16.657200868599983, 11.420367007011306, 14.584042312110507, 8.800343332311886, 0.6793558022154235, 0.4983367250610372, 0.014773977716014125, 0.30664481389432563, 0.00033659742605452993, 0.0010787841445556393, 0.004970727030791957, 0.003901815476763778, 0.014055402792048366, 0.009813846449275796, 0.012030775738255879, 0.0730419242594547, 0.43074969039895944, 0.4315480311448849, 0.43423093510936994, 0.4339466495665293, 0.051434269044186354, 0.28415706656802825, 0.27063503322412935, 0.2845407186230647, 0.2806693206224357, 0.2845407186230796]}