{"feature_scaler_mean": [274.62977201040064, 279.0483495400779, 269.8372130585675, 274.19993248225455, 41919480.95747487, 273.8489009842801, 0.0013223050694767006, 0.002819663903765378, 0.03756120753914455, 0.004610906264462582, 0.009679914881665688, 0.01810211877592479, 0.027962253239689087, 0.02907031080033279, 51.92953103235619, 10.040835640358566, 1.6934956446265959, 1.658927144886617, 0.034568486835736, 41457390.40972048, 41542971.02462312, 1.0035406842191315, 273.52973460576044, 272.8875577869128, 271.6888107170412, 268.0400185100996, 256.3665076466661, 0.26112594078166235, 0.2603205065489817, 0.24498029391573223, 0.2360530133481107, 0.1470922493389439, 0.4436557788944724, 0.3099560301507538, 52.191885186919016, 52.030060557085065, 51.80375629369937, 0.16182467215916788, 0.2263043144896823, 0.010353782495427304, 0.4515389447236181, 0.04093987149146652, 0.44272129517001796, -1.5157355192639045e-05, 0.002338361432763424, 0.007439929888630958, -0.006631992853384982, 0.022916742175058156, -5.453226107255519e-05, -0.0009470472804397201, 0.2856307971698405, 0.2466394472361809, 0.24789572864321607, 0.2517273869346734, 0.2512248743718593, 0.002512562814070352, 0.10141331658291457, 0.08055904522613065, 0.08417085427135679, 0.08165829145728644, 0.09745603015075377], "feature_scaler_scale": [137.80383803393923, 139.12553348174237, 136.06769713510687, 137.46295575421107, 39105648.12194943, 137.34884104891816, 0.03030300941779774, 0.01469387534615848, 0.022592431965252093, 0.07378274074657709, 0.11185237809576745, 0.17333749189280948, 0.014043914403289715, 0.011578460014444257, 13.236505889790246, 4.367175193370067, 10.307605394643652, 9.761785714048878, 2.918715719310542, 31869220.490028948, 28484030.469616253, 0.3048577862684981, 137.0807440126155, 136.7108214556205, 135.96086031271318, 133.5719203737251, 118.52490812965564, 3.616829053123126, 2.6717556846492987, 1.9970211315870268, 1.2728405331880523, 0.6164437271963127, 0.49681518570576083, 0.9325567993407311, 25.368236704026824, 16.562301977173153, 11.259245055908337, 14.549403447112233, 8.776180589809677, 0.6778844359706911, 0.49764598473372706, 0.014931554781045369, 0.30620034087647185, 0.00032937187711398335, 0.0010800031346569164, 0.0049258038045915525, 0.0038683656577446247, 0.013859403517960915, 0.009587667132384969, 0.011751607925129541, 0.07279119810185666, 0.43105502004163787, 0.43179096373557757, 0.4340054257744068, 0.4337175773111436, 0.05006245940996499, 0.3018752321780133, 0.27215672958485837, 0.27764387542785784, 0.2738434130914167, 0.2965777340563861]}