{"feature_scaler_mean": [2762.4862880514534, 2790.0525350474554, 2732.772778028898, 2760.984282496121, 3060797.043037135, 2759.1466344899145, 0.0006860786848702309, 0.001223272574500683, 0.02159797833748878, 0.003096738454963809, 0.005556721809601617, 0.011238611887229633, 0.015003171226964518, 0.015396414928827484, 52.91407050719628, 61.52551451425021, 9.573156303848172, 9.444372233793644, 0.12878414981156114, 3051681.316855935, 3054332.211998508, 1.0014135666369444, 2756.9782518422257, 2753.4572837647456, 2746.8221444896426, 2726.25394425936, 2623.5006964524164, 1.6017327649726356, 1.429091010863006, 1.4199651086347829, 1.3496571971940998, 1.5525513867037346, 0.48464854111405836, 0.25324933687002654, 53.19885319569383, 53.04113941325433, 52.77080671047342, 0.15771365708298488, 0.270332777700004, 0.08206582353504396, 0.7672413793103449, 0.023077334607679606, 0.48601756281699904, 2.0472461356056597e-06, 0.0013759367310149293, 0.004151052889220055, -0.004038778640548618, 0.014523018657526901, -0.0002854284760497825, -0.00021580761802599964, 0.2630641443489381, 0.24612068965517242, 0.24748010610079577, 0.25212201591511935, 0.25162466843501324, 0.002652519893899204, 0.08859416445623342, 0.07957559681697612, 0.08885941644562334, 0.08620689655172414, 0.08885941644562334], "feature_scaler_scale": [655.882642604673, 658.1288959106865, 652.9560617953586, 655.3928862348375, 1714643.1271651722, 654.9839943439387, 0.01567274365843859, 0.007831252531005342, 0.012397174505662101, 0.034582446353974415, 0.04824294176730521, 0.06620225573734621, 0.007082320759918339, 0.0061698434741788285, 11.236138135003763, 15.1565249385922, 43.86114838321576, 40.71431811303917, 14.382691169216107, 1286607.5912336165, 985983.59550519, 0.24801910828180426, 654.3924929267823, 653.6040141886274, 652.8924819790079, 652.2743774749235, 638.8418897012638, 18.496357702884684, 12.933382939931347, 9.011293972659509, 5.014117580635529, 2.482533223650906, 0.49976427714477384, 0.9584484305715589, 25.24210572995233, 15.283254845610584, 8.944644251826855, 14.387025446435125, 8.596516368378072, 3.6327343198737068, 0.4225896889231735, 0.007560308060325357, 0.2819108577037539, 0.0001678312741192798, 0.0006199804054164757, 0.0022119066378913374, 0.0022294327098185554, 0.0076821806297487985, 0.005369758935965678, 0.006184018608483637, 0.07302920073109254, 0.43074969039895944, 0.4315480311448849, 0.43423093510936994, 0.4339466495665293, 0.051434269044186354, 0.28415706656802825, 0.27063503322412935, 0.2845407186230647, 0.2806693206224357, 0.2845407186230796]}