{"feature_scaler_mean": [320.7054007537322, 325.3005369724684, 315.686202438647, 320.2641963414364, 37254909.990335464, 319.7438767466682, 0.001496713639454444, 0.002897514771636536, 0.03497478567032566, 0.005758747248033223, 0.012123493969789335, 0.023172311214182163, 0.02580844722767544, 0.02681132480482292, 53.26278647949901, 10.349810129638932, 2.8867396144959536, 2.8269701185214697, 0.059769479028225304, 36878964.110623, 36976227.36443024, 1.00184080622638, 319.29622799159364, 318.1950690215642, 316.0719583793697, 309.96526993496605, 289.654506552943, 0.4318357270455962, 0.43942984502328136, 0.4223235506187238, 0.3958274478180318, 0.23855156986531578, 0.4392438764643237, 0.356629392971246, 53.33641280071677, 53.343706105235285, 53.13130956117591, -0.0072933474487175765, 0.21239662624799366, 0.004469287269311105, 0.5255591054313099, 0.037920371176034244, 0.40382530858004523, -1.5611906500541206e-05, 0.002176955482919457, 0.006929180941718538, -0.006175790730820665, 0.02134553393509231, -6.325895665329695e-05, -0.0009014976304289267, 0.2831831652147416, 0.2435303514376997, 0.2477635782747604, 0.2545527156549521, 0.2520234291799787, 0.002129925452609159, 0.08732694355697551, 0.07987220447284345, 0.08839190628328009, 0.08519701810436635, 0.08964323748668797], "feature_scaler_scale": [170.38878270185234, 171.61987227153045, 168.78558169716308, 170.12558122143972, 37719279.76944034, 169.75478281848942, 0.02837736106966065, 0.013667378827244581, 0.021975343284816637, 0.06904641394575918, 0.10450858574355797, 0.16159410508772562, 0.013964716986470041, 0.011959042495061863, 13.243255887803928, 4.128814433791238, 10.337038339090459, 9.793412169243886, 2.857584651110866, 31299126.87482792, 28363408.3831154, 0.29991973733338606, 169.35059732396337, 168.38460255216032, 166.48994213009422, 161.18861731653078, 135.63987788329587, 3.6125604539315432, 2.658995930567381, 1.9744837466673961, 1.2850804635067699, 0.6333074531937609, 0.49629496617720087, 0.9118488351807985, 25.21980114533468, 16.528985536277865, 11.305137065177275, 14.346723712026881, 8.613326896242453, 0.6760157105257845, 0.4993463048120399, 0.015504914014858876, 0.30417551585870245, 0.00030915983470824397, 0.0010749069068750222, 0.004785034063619698, 0.003757497893054284, 0.013513665402033137, 0.008944458517028683, 0.010991086402926488, 0.07422085773078756, 0.42921244083347426, 0.4317137796680556, 0.4356094932479653, 0.43417464265464206, 0.046101939982797546, 0.28231356411977493, 0.27109525157323416, 0.2838640117854334, 0.27917465180516593, 0.28566996247341286]}