{"feature_scaler_mean": [1031.6323185160484, 1042.4291323988723, 1020.6468658896054, 1031.2132931459748, 19112288.930324543, 1029.963528710108, 0.0014568257010558257, 0.001836525411547206, 0.022035980456495474, 0.003924342456785369, 0.007803146521088339, 0.01599917616994764, 0.016315818953839777, 0.01676622236673635, 53.08370303865862, 23.539606799629592, 4.910596743988489, 4.876246540712355, 0.034350190424094915, 19049164.214338236, 19101304.361460447, 1.0005785934309688, 1029.327004548357, 1027.6131906459104, 1024.167644681795, 1013.4826708563443, 970.9115168650784, 0.7488402622654603, 0.7301639266841068, 0.7426401110737666, 0.6972654018503411, 0.5949025648734372, 0.46184077079107505, 0.3007606490872211, 53.323745552400545, 53.191937383870325, 52.948275201364176, 0.13180828342595824, 0.24366223601072753, 0.03357807348895727, 0.7920892494929006, 0.02375362853233421, 0.42377944082280516, -1.1649898439102884e-05, 0.001430802776001058, 0.00442599637408679, -0.004268081450751514, 0.013478680333686033, -0.00044074917552176346, -0.0007020204749821605, 0.24902815252361143, 0.24206389452332658, 0.24835192697768763, 0.25499492900608517, 0.2510395537525355, 0.0035496957403651115, 0.09946754563894523, 0.0813894523326572, 0.08417849898580122, 0.08113590263691683, 0.09490365111561866], "feature_scaler_scale": [261.9130109368563, 263.2597221575962, 260.4541494172405, 261.72392669362347, 14852452.199126381, 262.16332548220566, 0.01751937940145968, 0.008613901559701464, 0.014081552424949068, 0.04053380035063127, 0.05973345838308568, 0.0856049174042901, 0.009246052131048812, 0.008409003222289128, 12.295394672996794, 7.246132164302392, 19.37254774720034, 18.096898871058116, 5.892660501855855, 12264023.138846356, 10744344.312796243, 0.2615356929027035, 261.46075224830315, 260.9559967527841, 260.37034035069667, 258.9623426380405, 263.9197294964232, 7.800161436535286, 5.525225997658058, 3.849729642345329, 2.3599997852442547, 0.7434123622372115, 0.4985417467237035, 0.9433279257879793, 25.515691156830105, 15.986447961440621, 10.013101843112665, 14.389842533228352, 8.457237558641081, 1.5022950239408788, 0.405812604943019, 0.00893696952634424, 0.30976657947205943, 0.00019224232804756908, 0.0006852610398844637, 0.002891160854501761, 0.0027230242434803137, 0.007860753427136446, 0.006180499594476163, 0.007105625955079413, 0.07450087800852363, 0.42833277424389027, 0.43205699548117305, 0.4358583659715199, 0.4336112270275564, 0.059473484852602704, 0.29928874520022863, 0.27343227567656503, 0.27765532462807857, 0.27304371067681904, 0.2930818113096371]}