{"feature_scaler_mean": [136.73662670692062, 138.43415037872185, 134.94099225378392, 136.6042622721614, 17453335.376730565, 136.47702024599997, 0.0008264798164231672, 0.0019649953954783443, 0.026672186313570934, 0.0032758566923309328, 0.0063335723330438356, 0.01227980699576357, 0.01629007234626387, 0.016680926380801004, 52.60284419064831, 3.5668094589116093, 0.7289067768262631, 0.6956840025682074, 0.03322277414348151, 17250490.430098508, 17138459.706443023, 1.0086454762945287, 136.32921421977278, 136.0246603863181, 135.4669837202127, 134.00234391412542, 129.35134279862507, 0.12353738050563685, 0.11989478226205585, 0.11195398003970798, 0.0963808146357701, 0.05649692223227281, 0.44536741214057507, 0.3719382321618743, 52.30635351262534, 52.62937887184663, 52.52603918137515, -0.3230254333007077, 0.10333966820305401, 0.0014786676503175495, 0.641640042598509, 0.027456638092944782, 0.4508436232931214, -1.2962401594955655e-05, 0.0017432713923705926, 0.005312833758855846, -0.005112606122170742, 0.016760885985868192, 0.0001968759080302336, -0.0004632478847552106, 0.2046254350103565, 0.2435303514376997, 0.2477635782747604, 0.2545527156549521, 0.2520234291799787, 0.002129925452609159, 0.08732694355697551, 0.07987220447284345, 0.08839190628328009, 0.08519701810436635, 0.08964323748668797], "feature_scaler_scale": [40.12174945451243, 40.413065742935196, 39.84227346852676, 40.1729635760891, 15136325.072526798, 40.034878826269825, 0.017376744405022865, 0.007604241777848281, 0.01591321558241861, 0.040652209044969315, 0.05903841571521182, 0.08159545331669306, 0.006651390906243778, 0.005594236489529687, 11.737367620400796, 0.910153364144725, 2.682363372933246, 2.4616509415712398, 0.832637318424712, 10473772.351405857, 8349209.37660445, 0.3257603170385893, 39.756837131595766, 39.179333086734026, 38.145445693200486, 35.56045914668762, 27.100120892520263, 1.0590659868291843, 0.7715101939711466, 0.5413687886193862, 0.3101296019035191, 0.14988206364134524, 0.49700631821316615, 0.8762336943602917, 25.000796181198318, 15.69696875905068, 9.451916631000891, 14.142827044610966, 8.513804305648856, 0.19872946351436854, 0.4795186110389722, 0.009092911871656657, 0.31494781772523034, 0.00021034218289537728, 0.0008250648925970425, 0.0033160393760612904, 0.003509258781821162, 0.010399281085177946, 0.006534967390679573, 0.007140420116819537, 0.0860884033126544, 0.42921244083347426, 0.4317137796680556, 0.4356094932479653, 0.43417464265464206, 0.046101939982797546, 0.28231356411977493, 0.27109525157323416, 0.2838640117854334, 0.27917465180516593, 0.28566996247341286]}