{"feature_scaler_mean": [126.94245109964405, 128.54211806731817, 125.22565580695338, 126.77331633076865, 17746561.436360948, 126.71085153320132, 0.0005737574871618455, 0.0019350261375721, 0.027172054013419215, 0.0017096649098882353, 0.003244224839565515, 0.006693528757799836, 0.016567260449264508, 0.01700090059269352, 51.37933235631186, 3.4336071816703977, 0.30794245907249473, 0.29407184559741667, 0.013870615530345787, 17575835.962781064, 17496486.265517753, 1.0066891437716032, 126.6305874062713, 126.50972970048352, 126.2795766816901, 125.66154231551131, 123.27484287735979, 0.049258698331710114, 0.04781488204595341, 0.047171863488268836, 0.04147430182161835, 0.03067026340315007, 0.4365680473372781, 0.3619230769230769, 51.16908357903802, 51.39985347787304, 51.32966720834992, -0.23076994312111532, 0.07018617651783503, 0.0021230060039807977, 0.6017751479289941, 0.028182909875865695, 0.436117684978471, -1.5930724628845936e-05, 0.0017815541686919331, 0.0053952850079847245, -0.005229731569470998, 0.01711363070964064, 0.0001189419072417242, -0.0005724211682546093, 0.20479978179713412, 0.24633136094674557, 0.248698224852071, 0.2526923076923077, 0.2499112426035503, 0.002366863905325444, 0.09597633136094674, 0.08875739644970414, 0.08662721893491124, 0.07692307692307693, 0.09180473372781064], "feature_scaler_scale": [26.944741109060388, 26.979428635343382, 26.855207161865277, 26.892578150407086, 15603594.759741744, 26.929944152121855, 0.01761097799288322, 0.007849892863769246, 0.016287734190336887, 0.04120632293120382, 0.05961354077715029, 0.082090324191692, 0.006822948620751433, 0.005724501252842724, 11.308022735046888, 0.7716244860097311, 2.2521734385692693, 2.060387398583307, 0.7943779053041352, 10777567.77195488, 8659442.846204143, 0.3236995761302815, 26.75305323517972, 26.56049211604354, 26.19910802833852, 25.26033908984126, 20.785179792484094, 0.9761066282973406, 0.7001146729638112, 0.48184856590865927, 0.25397265614060655, 0.1267793314381367, 0.49596006631729145, 0.8786352212783645, 24.952687812325586, 15.459878672093563, 8.873493837838517, 14.177688497859714, 8.619297951172125, 0.18637866059099642, 0.4895322453770511, 0.009263577865571453, 0.31435694471508313, 0.00021575718386506568, 0.0008470346819410727, 0.0034013043807922558, 0.003612019720796429, 0.010645335787077347, 0.006781009773645607, 0.0073527011579398015, 0.08570545956435983, 0.4308737884355588, 0.43225850808005, 0.4345559864106979, 0.43296144565521166, 0.04859281696487465, 0.2945587805166771, 0.2843932506674782, 0.28128800876422894, 0.26646935501060837, 0.28875010752034097]}