{"feature_scaler_mean": [345.448966967987, 350.28057617241666, 340.2036145978235, 345.03284911296913, 36034606.2331643, 344.35590162257876, 0.001646577464562585, 0.002970554490650626, 0.03439173369555551, 0.006701416497688568, 0.013935833984947457, 0.026785383520080683, 0.025290619168415455, 0.026260346898707064, 54.054483344540394, 10.745085429855099, 3.9542972150226072, 3.8474055266185356, 0.10689167567446428, 35665816.64765467, 35747694.689148076, 1.0029736227690267, 343.73299091331376, 342.1969543774278, 339.22628977351934, 330.92518050249885, 305.5978982012364, 0.6118831103020602, 0.6134500486692168, 0.5916006615570308, 0.5351773055491574, 0.3186835501618701, 0.43780425963488845, 0.37553245436105476, 54.06018356038881, 54.13909124781587, 53.89426692049595, -0.07890770829426272, 0.24482440502939154, 0.0016672241344184164, 0.5481744421906694, 0.03715872781263366, 0.4101202554473725, -1.4289530850910118e-05, 0.0021429144833558077, 0.006821359184421372, -0.006074634685148494, 0.021029785914161443, -9.048375678497827e-06, -0.0008364329031522029, 0.283698854782254, 0.24206389452332658, 0.24835192697768763, 0.25499492900608517, 0.2510395537525355, 0.0035496957403651115, 0.09946754563894523, 0.0813894523326572, 0.08417849898580122, 0.08113590263691683, 0.09490365111561866], "feature_scaler_scale": [200.86713505967592, 202.4812944081395, 198.9535134254253, 200.6902770745226, 37249350.78701152, 200.01312307844415, 0.027875139270476357, 0.013420120559158288, 0.021747338820111182, 0.06793715660996962, 0.10274846940903885, 0.1587120744294926, 0.013854634744428452, 0.011937489667498509, 13.495150158689908, 4.499661430284858, 11.322818587916519, 10.739315064185497, 2.9022071744051536, 31035057.924999725, 28219559.216043416, 0.30384487059775683, 199.23391344818475, 197.36426165450172, 193.70840455922533, 183.8699271318182, 150.6369030206896, 3.8481882850087774, 2.8289518756283725, 2.098120063047792, 1.4244060327371393, 0.7183067516999461, 0.4961166091560013, 0.9036632235317837, 25.228238396957245, 16.683373285760222, 11.616248475498226, 14.255155034762176, 8.514785802423422, 0.711073724379102, 0.4976738119689378, 0.015521912217568845, 0.3063395482275812, 0.00030437743749671197, 0.001065466196798975, 0.004728555456402278, 0.0037121675997609264, 0.013386725143740855, 0.008756615415721095, 0.0108012434309979, 0.07514996523613043, 0.42833277424389027, 0.43205699548117305, 0.4358583659715199, 0.4336112270275564, 0.059473484852602704, 0.29928874520022863, 0.27343227567656503, 0.27765532462807857, 0.27304371067681904, 0.2930818113096371]}