{"feature_scaler_mean": [243.62479201544448, 248.08478078409985, 239.00135618999286, 243.33958465772093, 47494512.419826284, 242.90290244122647, 0.0016148964030874944, 0.002865439573439108, 0.04049011863503616, 0.005739339650929533, 0.011625027327004853, 0.021781670164239163, 0.02998508318729018, 0.031177469548063066, 52.32688607686956, 9.797266314757195, 2.030557960618962, 2.003470645648824, 0.02708730031118151, 46871207.64365559, 46931090.46718278, 1.00667771439763, 242.50340779468732, 241.73587729923673, 240.33845158084281, 235.9510748560695, 219.1616522088872, 0.3308157075268253, 0.3128755639865713, 0.29510177759389644, 0.28644002849876943, 0.18665107538868403, 0.4497356495468278, 0.3095166163141994, 52.706549629109865, 52.43439580846769, 52.215958860057356, 0.2721538842592411, 0.21843698654883736, 0.01803707984168669, 0.4780966767371601, 0.04388628155914532, 0.4940201948043747, -1.0768966115788015e-05, 0.002513658781836634, 0.008078039167790036, -0.007129397404537005, 0.024441030080672183, -8.129315381589011e-06, -0.0009175450355406113, 0.2852322813190992, 0.24705438066465257, 0.2500755287009063, 0.2524546827794562, 0.24739425981873112, 0.0030211480362537764, 0.09984894259818732, 0.09063444108761329, 0.08591389728096677, 0.07250755287009064, 0.08999244712990936], "feature_scaler_scale": [130.40788574716277, 132.14574160607503, 128.45843050098821, 130.18489211082309, 40542172.37994029, 129.90418550344447, 0.0323638495654199, 0.015616141896995344, 0.023343901850912778, 0.07893041880523685, 0.12043521363402498, 0.18666498225488448, 0.01436049664472171, 0.011461742856399832, 13.723913617666176, 4.686798267965503, 10.783906541094373, 10.247277504741438, 2.9715841697536893, 32292537.220008183, 28313760.907916646, 0.3158786220161031, 129.48837121956095, 128.87169076707366, 127.69624639064155, 123.6924926595062, 92.969242077211, 3.670658424689826, 2.7646830131420375, 2.0576870304895425, 1.3532635331760845, 0.650017400353789, 0.49746707938658263, 0.934064992302314, 25.645439025109102, 16.932551349833847, 11.819272518937824, 14.642068004083159, 8.828288062419816, 0.6882610934230987, 0.49952001404344587, 0.01459809924823362, 0.30116127661808834, 0.0003522210481262617, 0.001084416746016132, 0.005102657724079181, 0.003993812838076887, 0.01436126985696625, 0.010249521575835308, 0.012598377530291718, 0.07421395411595909, 0.43129863628235504, 0.43305629962612774, 0.4344206670063621, 0.4314977868164344, 0.05488187953048547, 0.2997984844194428, 0.2870885563312421, 0.280236863269286, 0.2593264499562621, 0.2861709394566842]}