{"feature_scaler_mean": [286.4682395433956, 290.9136466289272, 281.65558180182643, 286.05768508956277, 40120580.08597633, 285.66343810087125, 0.0013730220485564056, 0.0027992294355727505, 0.03659652203291148, 0.005263355938382254, 0.011091219632226434, 0.020875149812541086, 0.027218561249856766, 0.028307823341273696, 52.50307795293232, 10.077352265013745, 2.15101865428389, 2.071672177109757, 0.07934646450865598, 39734475.8377071, 39828037.08742604, 1.0030400761750322, 285.271317792362, 284.4131735789282, 282.79017230107235, 278.3025417639377, 266.52670017806736, 0.3379988147471563, 0.341786981159766, 0.3224664219129092, 0.28481837110122743, 0.15169544286010567, 0.4451775147928994, 0.3142899408284024, 52.709757619440204, 52.63726492893061, 52.31441939653024, 0.07249271606387207, 0.3228455771921828, 0.004257346977357141, 0.4727810650887574, 0.039866705965416055, 0.4262226452143483, -1.5163788751765989e-05, 0.002279923744933658, 0.0072503439185330806, -0.006472980019260341, 0.02239527919917979, -4.827999356688419e-05, -0.0009315126476091129, 0.28547093959315817, 0.24633136094674557, 0.248698224852071, 0.2526923076923077, 0.2499112426035503, 0.002366863905325444, 0.09597633136094674, 0.08875739644970414, 0.08662721893491124, 0.07692307692307693, 0.09180473372781064], "feature_scaler_scale": [142.5232715721525, 143.77548532833728, 140.9037894514077, 142.2438410418925, 38654391.485335074, 142.06945882680387, 0.029569370146933803, 0.01428934642027897, 0.02234886043906061, 0.07218395404637797, 0.10941272184229195, 0.16945661742366672, 0.013990426998937561, 0.011663025186147986, 13.345086655324636, 4.2461171830702, 10.347841930456456, 9.773322900586752, 2.9079234784654324, 31718140.32385666, 28503331.866419733, 0.305245448593876, 141.69153818171048, 141.0183452653176, 139.6983139142303, 136.24688790735797, 122.11655374278806, 3.6139189756014627, 2.6747319050863307, 2.000996788493333, 1.2686751394171643, 0.6005810806846693, 0.4969854073468422, 0.9281000819353792, 25.33157288552874, 16.675723792529382, 11.336757343551225, 14.43757390682794, 8.728028575571463, 0.6730189684657649, 0.4992585798786339, 0.01513154229724721, 0.3056654103972236, 0.0003219722870576452, 0.0010782374393638627, 0.004876277550855538, 0.003820932290167106, 0.013708134093711938, 0.009355048566821005, 0.011471635096322876, 0.07317709779121429, 0.4308737884355588, 0.43225850808005, 0.4345559864106979, 0.43296144565521166, 0.04859281696487465, 0.2945587805166771, 0.2843932506674782, 0.28128800876422894, 0.26646935501060837, 0.28875010752034097]}