{"feature_scaler_mean": [121.43791107056312, 123.08143377810005, 119.73503857063677, 121.29601591348016, 18553341.109018568, 121.21013857110425, 0.0007372743231450119, 0.0019841266768558436, 0.028300824752157748, 0.0017465814644769106, 0.0031387305957976505, 0.0067888454702348215, 0.01728743856778339, 0.017753352318669296, 51.32698355024626, 3.4595104265987713, 0.29685822901012904, 0.2847699342767982, 0.012088297797624511, 18360306.737914458, 18273918.218219496, 1.0071018142610868, 121.14159959469296, 121.03035542870074, 120.81508601337909, 120.20417025841832, 118.51738409350975, 0.04919045108200025, 0.04480331574254163, 0.0465821944929836, 0.04042199611371545, 0.01925478787254627, 0.43133289124668434, 0.3629973474801061, 51.140409392213314, 51.34998260081921, 51.2638842415114, -0.2095732352645717, 0.08609824455466704, 0.0035022388417364084, 0.5537135278514589, 0.029324399257283806, 0.4790093037763003, -1.7461761722827684e-05, 0.0018516260906290454, 0.005625861858359577, -0.005456004526000779, 0.017763313020296045, 9.94447954845138e-05, -0.0006507754299359874, 0.2091093235450305, 0.24612068965517242, 0.24748010610079577, 0.25212201591511935, 0.25162466843501324, 0.002652519893899204, 0.08859416445623342, 0.07957559681697612, 0.08885941644562334, 0.08620689655172414, 0.08885941644562334], "feature_scaler_scale": [22.995222502255743, 23.134427682507454, 22.910064704104084, 22.985802379667863, 16173347.223599873, 22.98574533773713, 0.0183043270085338, 0.008187883254197045, 0.016766250936787307, 0.042956597239788764, 0.062298032539220866, 0.08614807414507634, 0.006852700437012232, 0.005593588442549812, 11.65942727454002, 0.8098312497567854, 2.3483530519245774, 2.152806133639455, 0.8219000866699245, 11097902.743101345, 8834898.63096874, 0.33131844419451206, 22.78740900357838, 22.567574867554523, 22.14122314774345, 20.92093181879598, 16.47354430128685, 0.9992424095276464, 0.7201258901824666, 0.5003366497783487, 0.2644928429900857, 0.12853626105176122, 0.49526238316212773, 0.8814682304950888, 25.2515712812532, 15.856261668777, 9.185434678934289, 14.242678913129662, 8.80991420836573, 0.190415404077334, 0.49710648449358247, 0.009154903239259583, 0.3049695732171599, 0.00022452442639630965, 0.0008652811540200265, 0.003502541458273901, 0.0037339983864089076, 0.010978874068751768, 0.007086167587330814, 0.007672339361514081, 0.08566288257816954, 0.43074969039895944, 0.4315480311448849, 0.43423093510936994, 0.4339466495665293, 0.051434269044186354, 0.28415706656802825, 0.27063503322412935, 0.2845407186230647, 0.2806693206224357, 0.2845407186230796]}