{"feature_scaler_mean": [990.8849239823381, 1001.8524395282452, 979.7030344530816, 990.4715488898825, 20132615.07923077, 989.0629134156718, 0.0016590226459704041, 0.002032531517923137, 0.02318214160676759, 0.0037895223180996426, 0.0076593876490300555, 0.01554937001450924, 0.017094716391561984, 0.017581050152058256, 52.81838184018107, 23.998796256646603, 4.419951324624247, 4.406099578013434, 0.013851743373364077, 20096766.360754438, 20175831.51795858, 0.9982131736324383, 988.5477418238171, 987.0705158608341, 983.9965800918488, 974.4082589125775, 927.1828572994435, 0.6640394075950001, 0.6579212763509851, 0.6589623069947519, 0.6393348598027789, 0.658550022283952, 0.4487869822485207, 0.3200887573964497, 53.047041353474, 52.94165838738165, 52.700735073766765, 0.1053830910615138, 0.24092337319836815, 0.05044319567568159, 0.8282544378698224, 0.025018095043873603, 0.43193869269886964, -1.3648672074440417e-05, 0.001499799505331121, 0.00462844183717058, -0.0044843761525054865, 0.014136103936595038, -0.0004819669208729422, -0.000770244290078148, 0.2509353177245023, 0.24633136094674557, 0.248698224852071, 0.2526923076923077, 0.2499112426035503, 0.002366863905325444, 0.09597633136094674, 0.08875739644970414, 0.08662721893491124, 0.07692307692307693, 0.09180473372781064], "feature_scaler_scale": [258.50942777519197, 260.12846857595343, 256.7069184348062, 258.273688721295, 15637759.25295008, 258.606962925259, 0.018256554525158696, 0.008575352535538754, 0.014665046815169615, 0.04202659510822772, 0.06220796876919259, 0.08984414121625166, 0.009426179178317508, 0.008554076277320334, 11.964725722151421, 7.383559731167962, 19.292220467226382, 18.000595279100082, 6.010068388351775, 12839419.646170415, 11199251.665591678, 0.26127717678919976, 258.0694964892599, 257.97435604147034, 258.133491643338, 258.73123072867673, 260.50307820219984, 7.7842985384462855, 5.532486532214165, 3.9046954895044803, 2.322997266870247, 0.7348673094486127, 0.4973703115514822, 0.9377355283428467, 25.51217776719058, 15.781379994837918, 9.666919528704376, 14.403500089192036, 8.510374785191537, 1.5135679998057054, 0.3771591494565071, 0.008930385691617472, 0.30601082968579474, 0.00019931514498773738, 0.0007043612977887661, 0.0029873599264301624, 0.002795619845740881, 0.008093881613260334, 0.006474675336836104, 0.007426095290810607, 0.07226831259612593, 0.4308737884355588, 0.43225850808005, 0.4345559864106979, 0.43296144565521166, 0.04859281696487465, 0.2945587805166771, 0.2843932506674782, 0.28128800876422894, 0.26646935501060837, 0.28875010752034097]}