{"feature_scaler_mean": [2820.4541456053244, 2847.660484785272, 2791.1029095206177, 2818.897929929474, 2931066.124733728, 2817.4110072281514, 0.0005627947921621698, 0.001113241837850952, 0.02092597112110568, 0.0025108230533022343, 0.0047321707590744205, 0.009859459093205642, 0.014558868692862697, 0.014930874896304649, 52.60023322675355, 60.9820645047927, 8.599748425734113, 8.593933931430195, 0.005814546454234942, 2922568.0862536984, 2921910.759685651, 1.0028783891275084, 2815.57079879851, 2812.6429318363707, 2806.702020231168, 2788.033928926908, 2694.0956327828853, 1.2641973414580674, 1.201447333741338, 1.2394661291406528, 1.2234865420823091, 1.3104528644561393, 0.489792899408284, 0.23893491124260355, 52.856417171941004, 52.69210290959601, 52.49130602932541, 0.1643141571480847, 0.20079692681049982, 0.058451224624843354, 0.7118047337278106, 0.02243863678837647, 0.4577545322808878, 3.158600524196618e-06, 0.0013366339196514382, 0.004032413919098791, -0.00392911129715486, 0.01414940548808584, -0.00028417611670273577, -0.00016943118270055547, 0.25947353983077515, 0.24633136094674557, 0.248698224852071, 0.2526923076923077, 0.2499112426035503, 0.002366863905325444, 0.09597633136094674, 0.08875739644970414, 0.08662721893491124, 0.07692307692307693, 0.09180473372781064], "feature_scaler_scale": [642.6468997390614, 644.4535896266345, 640.2893685659327, 642.2334621637748, 1689388.8761074836, 642.0704733114443, 0.015198812604599253, 0.00758888465501662, 0.012003630495432769, 0.03358787746141262, 0.046868393951607024, 0.06438587120883663, 0.006865710947276742, 0.005999605270706686, 11.187976179294575, 14.526728770724027, 43.01609509033454, 39.87575134292871, 14.1975520247682, 1285287.5113731422, 1011508.9789324796, 0.24958522346924006, 641.6960090637659, 641.3370055859186, 641.0892322552418, 641.6429296734087, 636.8189853676802, 18.20622897400814, 12.735024129436793, 8.875362402450829, 4.9003142846616665, 2.4651524364091237, 0.49989580424067726, 0.961205506303997, 25.247461871637388, 15.26357469796868, 8.864887426501216, 14.33803481913449, 8.579556910994647, 3.5461602377866033, 0.4529224599977689, 0.007401505227802442, 0.28626732262519233, 0.00016373854906252252, 0.0006034469406430814, 0.0021649913502762245, 0.0021603097460170103, 0.007474272900382405, 0.0051723389543715656, 0.0059795046350801144, 0.07393390307542934, 0.4308737884355588, 0.43225850808005, 0.4345559864106979, 0.43296144565521166, 0.04859281696487465, 0.2945587805166771, 0.2843932506674782, 0.28128800876422894, 0.26646935501060837, 0.28875010752034097]}