{"feature_scaler_mean": [2793.772181099743, 2821.3128065713086, 2764.194796890949, 2792.4371086120605, 2990900.9916143217, 2790.6555294056034, 0.0006597684445186493, 0.001144984265638882, 0.02131369694091623, 0.0029490691239845374, 0.0054136315957330405, 0.011067077350484187, 0.014839503992639655, 0.015211738576970986, 52.924179545299495, 61.35160913419484, 9.823971366848628, 9.800149908397655, 0.023821523952199587, 2980813.0192564386, 2981222.5239086053, 1.0023195954086492, 2788.4856196456217, 2785.041272497896, 2778.3634839963674, 2756.84935221073, 2659.130951890035, 1.5294079843922588, 1.4052900386120113, 1.4161136999365935, 1.4211152670551652, 1.403587682459073, 0.4928077889447236, 0.24060929648241206, 53.239568572135724, 53.02385913960299, 52.80184024782037, 0.21570932061865403, 0.22201894342925063, 0.08091520206929927, 0.7316896984924623, 0.022776001480106153, 0.4706146062599365, 3.935903627689171e-06, 0.001358677740929819, 0.004105890097766243, -0.003983476584670912, 0.01436955289356235, -0.0002688426645806828, -0.0001617975870698474, 0.26171226097111727, 0.2466394472361809, 0.24789572864321607, 0.2517273869346734, 0.2512248743718593, 0.002512562814070352, 0.10141331658291457, 0.08055904522613065, 0.08417085427135679, 0.08165829145728644, 0.09745603015075377], "feature_scaler_scale": [652.3161407997969, 654.4278210052541, 649.6805059878416, 652.0236012431411, 1704128.7636919676, 651.6431752348948, 0.015478112774713358, 0.00773295385079487, 0.0121991863359731, 0.03403284284711741, 0.04749860371016038, 0.06523454097646766, 0.006959457594819514, 0.006063296711580999, 11.160217689212683, 14.788714014387647, 43.26233280983096, 40.091252342891565, 14.2769588806335, 1292403.7665706868, 1009095.4979336192, 0.24824416538698324, 651.0528529727087, 650.3199290400655, 649.5227351832128, 648.0825797016253, 639.8575587400092, 18.313779017650464, 12.81435591634934, 8.933556483133628, 4.914998369024344, 2.5038274406594616, 0.4999482694241024, 0.9620253867951866, 25.17422125107876, 15.211987714724142, 8.855355613598805, 14.336069186014187, 8.552672224483192, 3.594304739400116, 0.4430799968543679, 0.0074732301057676784, 0.28416238804510263, 0.00016585072706591373, 0.0006110413543263374, 0.0021871333524668608, 0.002197712726469366, 0.007585740188560497, 0.005270410535092327, 0.006083775966524809, 0.07301835808204629, 0.43105502004163787, 0.43179096373557757, 0.4340054257744068, 0.4337175773111436, 0.05006245940996499, 0.3018752321780133, 0.27215672958485837, 0.27764387542785784, 0.2738434130914167, 0.2965777340563861]}