{"feature_scaler_mean": [963.6219529594604, 974.9619686177301, 952.453319363379, 963.4730950616083, 21130269.47274536, 961.7268885503713, 0.001992957052129232, 0.0021516436365678644, 0.024069059199211373, 0.004587073619392629, 0.009050439420168995, 0.0182614593331925, 0.017795098183086187, 0.018299140564637845, 53.32525295237331, 24.319044939244773, 5.332819250420685, 5.323134167753259, 0.009685079451305766, 21096725.800447613, 21187483.35855438, 0.9971208299384193, 961.1374881552132, 959.3264470128229, 955.6612151006805, 944.0636105322395, 887.4235393837845, 0.8259704262039201, 0.7952304421027317, 0.7918533983286495, 0.7767423501845315, 0.7728293301412262, 0.4538129973474801, 0.3375, 53.7532297238747, 53.45264006925831, 53.22360711186255, 0.3005897610248202, 0.22903302978299342, 0.06557412196132317, 0.892473474801061, 0.025910205866546132, 0.4660994547283998, -1.3436740563927691e-05, 0.0015579187793182258, 0.00481851073777098, -0.004662424038081406, 0.014544470683688209, -0.0005768472517744684, -0.0008103778478205843, 0.2518707441605766, 0.24612068965517242, 0.24748010610079577, 0.25212201591511935, 0.25162466843501324, 0.002652519893899204, 0.08859416445623342, 0.07957559681697612, 0.08885941644562334, 0.08620689655172414, 0.08885941644562334], "feature_scaler_scale": [260.0142472848012, 262.1736919875384, 258.01683903098603, 260.01177031747034, 16171957.631909734, 260.0288363122328, 0.018898119055224524, 0.00895173097296584, 0.015145965028202368, 0.04360602299384545, 0.06460863624020248, 0.09315256156408894, 0.00968850841415572, 0.008753087500159006, 11.917056612272786, 7.701464794800056, 19.546650648240067, 18.207121892810193, 6.1628557358949525, 13185791.524460323, 11410271.149022281, 0.2637549392456568, 259.40326923691697, 258.994497457015, 258.5874581939849, 257.2843016525532, 247.66145557982736, 7.963664884564272, 5.6574818676585705, 3.9768440991788787, 2.328695359636801, 0.6700219752247731, 0.49786219055666453, 0.9324959287642822, 25.42321730576049, 15.732857327323131, 9.623434095265209, 14.393866005306528, 8.49288184514822, 1.547004509522363, 0.30978149004998806, 0.009017708684105305, 0.3020696668462562, 0.00020590773248957775, 0.0007194292435480201, 0.0030714990464094697, 0.002877214173715886, 0.008248895082221423, 0.006751146499620944, 0.0077327277166322345, 0.07242330750607835, 0.43074969039895944, 0.4315480311448849, 0.43423093510936994, 0.4339466495665293, 0.051434269044186354, 0.28415706656802825, 0.27063503322412935, 0.2845407186230647, 0.2806693206224357, 0.2845407186230796]}