{
  "model_type": "AttentionLSTM",
  "input_size": 29,
  "output_size": 4,
  "lookback_days": 15,
  "features": [
    "OC_Ratio",
    "HL_Ratio",
    "Intraday_Range",
    "Open_to_Close",
    "Body_to_Range",
    "Upper_Shadow",
    "Lower_Shadow",
    "Trend_5",
    "Trend_10",
    "Trend_20",
    "SMA_5_Ratio",
    "SMA_10_Ratio",
    "SMA_20_Ratio",
    "EMA_5_Slope",
    "EMA_10_Slope",
    "Volume_Normalized",
    "Volume_Price_Trend",
    "RSI_14",
    "MACD_Histogram",
    "MACD_Strength",
    "BB_Position",
    "BB_Squeeze",
    "Volatility_Regime",
    "Momentum_3",
    "Momentum_5",
    "Momentum_10",
    "Momentum_5_Quality",
    "Resistance_Break",
    "Support_Break"
  ],
  "loss_type": "huber",
  "training_date": "2025-09-12T21:24:14.365862",
  "hidden_size": 64,
  "num_layers": 2,
  "dropout": 0.1,
  "test_mse": 5021.5263671875,
  "test_mae": 60.452457427978516,
  "test_rmse": 70.86273193359375,
  "direction_accuracy": 0.5,
  "ohlc_mae": [
    4.4513163566589355,
    3.7293100357055664,
    4.827311038970947,
    3.620720148086548
  ],
  "ohlc_correlations": [
    0.5555245643615683,
    0.6929560418517247,
    0.34739410316230823,
    0.70875934526318
  ],
  "avg_correlation": 0.5761585136596953
}