{
  "prediction_date": "2025-09-11",
  "last_actual": {
    "Open": 1383.9,
    "High": 1388.5,
    "Low": 1374.1,
    "Close": 1377.0
  },
  "predicted": {
    "Open": 1373.7295919537544,
    "High": 1385.83582418561,
    "Low": 1367.009898906946,
    "Close": 1375.8794333308936
  },
  "changes": {
    "Open": -10.170408046245711,
    "High": -2.6641758143900915,
    "Low": -7.090101093053818,
    "Close": -1.120566669106438
  },
  "change_percentages": {
    "Open": -0.7349091730793923,
    "High": -0.19187438346345637,
    "Low": -0.5159814491706439,
    "Close": -0.08137739063953799
  }
}